NodeCount,PathLength,SimCnt,CompileTime,KeyGenerationTime,EncryptionTime,ExecutionTime,DecryptionTime,ReferenceExecutionTime,Mse
36,0,0.4150000004301546,67.9920000002312,27.132999999594176,5.265499999950407,14.233500000045751,3.0721000002813525,7.39010188788995e-10
36,1,0.23379999947792385,34.90630000123929,26.25139999872772,4.285999999410706,14.254799998525414,3.288300000349409,3.169157104458444e-09
36,2,0.26509999952395447,33.45130000161589,34.079299999575596,4.271899999366724,14.230200000383775,2.9137000001355773,6.891364245871208e-10
36,3,0.24029999985941686,34.28139999959967,26.124300000446965,4.299699998227879,14.249500000005355,2.968200000395882,1.656403167898511e-09
36,4,0.291599999400205,33.74029999940831,26.48380000027828,4.643700000087847,15.090599999894039,3.0262999989645323,8.576997680456408e-10
36,5,0.23259999943547882,41.83069999999134,26.78110000124434,4.512199999226141,14.746099999683793,3.0976999987615272,1.4141958739402934e-09
36,6,0.5612000004475703,41.99169999992591,37.48050000103831,4.446299999472103,14.395199999853503,3.0037999986234354,9.432163757559133e-10
36,7,0.23669999973208178,33.77260000161186,30.04030000010971,4.815999998754705,15.507000000070548,3.6179000017000362,6.941336988391374e-10
36,8,0.283800000033807,38.538799999514595,29.900999999881606,4.614800000126706,15.206600000965409,3.2768000000942266,9.992025113616948e-10
36,9,0.23320000036619604,35.3359000000637,26.436999998622923,4.56320000012056,15.107499999430729,3.0370999993465375,7.898411584789076e-10
36,10,0.31229999876813963,37.24610000062967,28.977600000871462,4.957999999533058,15.316600000005565,3.311000000394415,1.3639953893322977e-09
36,11,0.31880000096862204,36.895799999911105,26.13530000053288,4.315900001529371,14.133399999991525,2.9068000003462657,1.0333885052305162e-09
36,12,0.31119999948714394,33.88009999980568,26.081400001203292,4.208000000289758,14.18290000037814,2.898700000514509,7.445768919770795e-10
36,13,0.2727999999478925,33.38930000063556,26.11799999976938,4.233800000292831,14.42470000074536,3.033500001038192,1.6104780722917261e-09
36,14,0.25430000096093863,33.74480000093172,26.272200000676094,4.541500000414089,14.450399999986985,2.9601999995065853,7.019924454756938e-10
36,15,0.2330999996047467,34.44069999932253,27.701600000000326,5.634400000417372,16.045499998654122,3.6290999996708706,7.264762249368547e-10
36,16,0.6187000017234823,39.47420000076818,28.91319999980624,4.956099999617436,15.587500000037835,3.1424999997398118,5.249921931168426e-09
36,17,0.28449999990698416,37.7675999989151,28.672200000073644,4.865299999437411,15.34910000009404,3.238200000851066,5.160289024785268e-10
36,18,0.2657000004546717,38.398500000766944,29.734999998254352,4.6208999992813915,15.154700000493904,3.137200001219753,1.658088946556269e-09
36,19,0.25800000003073364,35.95630000017991,26.942000000417465,4.678400000557303,14.454899999691406,3.0140999988361727,1.020114363735975e-09
36,20,0.23609999880136456,34.33459999905608,26.847400000406196,4.619599998477497,15.099500000360422,2.9482000009011244,5.169976407134247e-09
36,21,0.3336000008857809,34.63449999981094,49.48619999959192,8.083999999143998,21.317599999747472,4.130600000280538,9.856188665791153e-10
36,22,0.4061999989062315,48.085899999932735,31.544299999950454,5.635900000925176,16.632500000923756,3.2683999997971114,9.131296249586982e-10
36,23,0.26000000070780516,38.15799999938463,29.61700000014389,4.453499999726773,15.47019999998156,3.5016000001633074,5.771849357185224e-10
36,24,0.2437999992253026,37.188899999819114,27.7126999990287,4.5680999992328,15.432500000315486,3.0612000009568874,9.795921416147802e-10
36,25,0.3187000002071727,38.50109999984852,29.7497999999905,5.27680000050168,15.833800000109477,3.2172999999602325,1.058790156046914e-09
36,26,0.2550999997765757,40.57469999861496,30.653599998913705,5.254600000625942,15.326299999287585,3.296599999885075,9.534830570417536e-10
36,27,0.2700000004551839,38.45949999958975,27.547499999855063,5.176000000574277,14.938100001018029,3.2761000002210494,9.277521645464252e-09
36,28,0.23880000117060263,36.779899999601184,29.207199999291333,5.652799998642877,15.190500000244356,3.063599999222788,8.66986885817497e-10
36,29,0.4583000009006355,46.2731999996322,25.943499998902553,4.330300000219722,14.191800000844523,2.9066000006423565,5.73837735108248e-10
36,30,0.25069999901461415,35.187999999834574,26.915100001133396,4.349599999841303,14.529500000207918,2.9458000008162344,7.989838986553609e-10
36,31,0.27860000045620836,37.248900000122376,27.51910000006319,4.536700000244309,14.366299999892362,2.955699999802164,1.2759320999493402e-09
36,32,0.27120000049762893,34.84310000021651,26.145899999391986,4.263700000592507,14.204000000972883,2.897599999414524,5.273613649665252e-10
36,33,0.2851999997801613,34.18249999958789,28.34660000007716,6.806899998991867,15.689800000473042,2.8822999993280973,1.4496184104061264e-09
36,34,0.2849000011337921,40.95429999870248,26.33149999928719,4.2465000005904585,16.03350000004866,2.9752999998891028,1.6363231753958441e-09
36,35,0.252800000453135,38.67460000037681,27.183399999557878,4.9165000000357395,16.12329999989015,3.0607999997300794,1.1583679863296536e-09
36,36,0.2328000009583775,35.217099999499624,27.59859999969194,4.944000000250526,15.497600001253886,3.002199999173172,1.9616887935979427e-09
36,37,0.24899999880290125,35.451499999908265,27.652900000248337,4.345800000010058,15.27429999987362,3.0071000001044013,1.3128617520818729e-09
36,38,0.2817999993567355,33.893300000272575,26.0694999997213,4.2530000009719515,14.179700001477613,2.9172000013204524,1.767199411382363e-09
36,39,0.22590000116906594,33.641399999396526,26.099300001078518,4.193799999484327,14.238399999157991,2.8757999989466043,1.603812543530869e-09
36,40,0.2677000011317432,33.21759999926144,26.066700000228593,4.259200000888086,14.182099999743514,2.894699999160366,9.06320388452679e-10
36,41,0.30359999982465524,33.89869999955408,26.184799999100505,4.255300000295392,14.333299999634619,2.898700000514509,7.014120680961689e-10
36,42,0.29429999995045364,33.041999999113614,26.044800000818213,4.2721999998320825,14.546800000971416,2.924399999756133,1.658451456466602e-09
36,43,0.2722000008361647,34.54280000005383,26.34789999865461,4.241900000124588,14.194800000041141,2.9130000002624,2.649789539914132e-09
36,44,0.28389999897626694,33.74720000101661,26.041499999337248,4.308899999159621,14.324899999337504,2.9148000012355624,7.954230266293478e-10
36,45,0.2762000003713183,33.9711000015086,26.073799999721814,4.222999999910826,14.297899999291985,2.8871999984403374,6.450430361114928e-09
36,46,0.2845999988494441,33.25519999998505,26.26860000054876,4.224699998303549,14.266199999838136,2.865399999791407,6.534963421436549e-10
36,47,0.2643000007083174,33.47630000098434,26.765200000227196,4.362000001492561,14.216600000509061,2.918899999713176,2.9037994009898983e-09
36,48,0.34950000008393545,33.469600000898936,26.209300000118674,4.3284000003041,14.16349999999511,2.9696000001422362,3.2780876008633378e-09
36,49,0.23660000078962184,34.292700000150944,26.116400000319118,4.33550000161631,14.144900000246707,2.912800000558491,2.2111693292126267e-09
36,50,0.2544999988458585,34.10029999940889,26.615599999786355,4.373100000520935,14.198799999576295,2.915299999585841,1.0546983399318202e-09
36,51,0.23239999973156955,33.458099998824764,26.04099999916798,4.258799999661278,14.18310000008205,2.895100000387174,7.219829197521635e-10
36,52,0.27520000003278255,33.25069999846164,26.09420000044338,4.22439999965718,14.326500000606757,2.9488000000128523,5.250556835380803e-10
36,53,0.23839999994379468,34.41249999923457,26.042000001325505,4.293100000722916,14.212699999916367,2.9226999995444203,2.2870352287603926e-09
36,54,0.29489999906218145,34.72909999982221,26.16440000019793,4.23410000075819,14.244300000427756,2.8972000000067055,5.348992360829439e-10
36,55,0.3191999985574512,33.20929999972577,26.04800000153773,4.226499999276712,14.235800001188181,2.8835999983130023,3.1326597201404803e-09
36,56,0.3519000001688255,34.81359999932465,26.163099999394035,4.2959000002156245,14.221999999790569,3.2101999986480223,7.095382432010019e-10
36,57,0.23360000159300398,34.60369999993418,26.411700000608107,4.224799999064999,14.281300000220654,2.9233999994175974,6.958443079358059e-10
36,58,0.23260000125446822,35.31430000111868,26.40659999997297,4.303499999878113,14.330200001495541,2.931999999418622,1.0571135458040695e-09
36,59,0.23349999901256524,40.51439999966533,27.89209999900777,5.086499999379157,15.12409999850206,2.9173999992053723,1.0907829713283135e-09
36,60,0.3567000003386056,49.104699999588775,29.562300000179675,4.321700000218698,14.193699998941156,2.9054999995423714,6.96628750681629e-10
36,61,0.227999998969608,49.99130000032892,29.529199999160483,4.290099999707309,14.198300001226016,2.9598999990412267,5.456966285243013e-10
36,62,0.24189999930968042,33.79449999920325,26.158999999097432,4.27040000067791,14.204099999915343,2.9299999987415504,8.727973285670451e-10
36,63,0.2905000001192093,36.98489999987942,26.112800000191783,4.300699998566415,14.275499999712338,2.9613000006065704,1.6383661475249662e-09
36,64,0.3997999992861878,36.93089999978838,26.857900000322843,4.639400000087335,15.361899999334128,3.0817000006209128,5.224819603302255e-09
36,65,0.2590000003692694,35.75769999952172,28.484000000389642,4.328999999415828,14.307299999927636,2.9787999992549885,1.0468580095156165e-09
36,66,0.2696999999898253,33.70849999919301,26.150399999096408,4.22199999957229,14.261500000429805,2.9243000008136733,2.009330064099421e-09
36,67,0.2784000007522991,32.850799998414004,27.818399999887333,5.069200000434648,14.471399999820278,2.9780000004393514,4.052440217470386e-09
36,68,0.25459999960730784,35.361999998713145,28.29080000083195,4.473099999813712,14.472399998339824,2.974899998662295,1.1637457730384286e-09
36,69,0.24340000163647346,33.85989999878802,26.121599999896716,4.310399999667425,14.155600001686253,2.907500000219443,1.5248417780855386e-09
36,70,0.2440999996906612,33.493799999632756,26.170999999521882,4.288800000722404,14.305100001365645,2.939299998615752,2.5313252562380832e-09
36,71,0.2746999998635147,33.535399999891524,26.292099999409402,4.3333000012353295,14.172499999403954,2.9187000000092667,1.119589892573136e-09
36,72,0.2770000010059448,33.06410000004689,26.328100000682753,4.27539999873261,14.190500000040629,2.9501000008167466,1.528369702227238e-09
36,73,0.2781999992294004,33.6860000006709,26.206599999568425,4.251999998814426,14.264199999161065,4.379800000606338,6.346291872955108e-10
36,74,0.3090999998676125,34.39040000012028,26.16219999981695,4.391799999211798,14.26530000026105,2.9281999995873775,7.170570641072541e-09
36,75,0.23599999985890463,34.56410000035248,26.123999999981606,4.310500000428874,14.294599999630009,2.94680000115477,3.1174100416644215e-09
36,76,0.27579999914451037,33.64000000146916,26.088099999469705,4.339200000686105,14.237900000807713,2.953400000478723,4.1023222537271785e-09
36,77,0.39339999966614414,37.57709999990766,31.63740000127291,4.325300000346033,14.190900001267437,2.9678999999305233,4.012102823154758e-09
36,78,0.31060000037541613,33.77369999907387,28.98749999985739,6.824600000982173,15.018399999462417,2.9187000000092667,6.885316258629797e-10
36,79,0.24680000024090987,33.058200000596116,26.663900000130525,4.423200000019278,14.24589999987802,2.9361999986576848,9.222917296682931e-10
36,80,0.23220000002766028,37.217699999018805,27.234900000621565,4.630100000213133,16.07239999975718,3.1205999985104427,3.1205782777134778e-09
36,81,0.2917000001616543,37.17499999947904,28.78469999996014,4.699099999925238,14.47109999935492,3.0059000000619562,1.459063445191952e-09
36,82,0.27180000142834615,34.16349999861268,26.497100001506624,4.296400000384892,14.965699998356286,2.9912000009062467,6.657367003800053e-10
36,83,0.28869999914604705,33.152699999845936,26.09429999938584,4.261400001269067,14.269100000092294,2.97839999984717,1.842682883497764e-09
36,84,0.28200000087963417,33.16069999891624,26.1835000001156,4.268200000296929,14.295700000729994,2.96870000056515,6.69963640283964e-10
36,85,0.23990000045159832,33.199100000274484,26.223699998809025,4.259799999999814,14.328999999634107,2.9316000000108033,3.1655718168761496e-09
36,86,0.40889999945648015,33.18260000014561,26.16649999981746,4.235299998981645,14.220799999748124,2.9020000001764856,7.344783294385662e-10
36,87,0.23859999964770395,34.92320000077598,26.221799998893403,4.267700000127661,14.190099998813821,2.93729999975767,2.605136311627875e-09
36,88,0.33959999927901663,36.08840000015334,26.3290999992023,4.3007999993278645,14.210499999535386,2.9445999989548,1.4278504795940936e-09
36,89,0.27880000016011763,34.74909999931697,26.668900000004214,4.294300000765361,14.276200001404504,2.918100000897539,1.5154776567066318e-09
36,90,0.23469999905501027,34.12700000080804,26.322399999116897,4.29690000055416,14.232300000003306,2.927700001237099,1.4312535234105318e-09
36,91,0.4065000011905795,42.17659999994794,26.0483000001841,4.297699999369797,14.3210000005638,2.9732999992120313,4.123374588291618e-09
36,92,0.24080000002868474,34.123299999919254,26.133499999559717,4.276800000297953,14.171999999234686,3.0549000002793036,6.075893343329731e-10
36,93,0.3483000000414904,34.57590000107302,27.050700000472716,4.53899999956775,15.269099998477031,3.0851999999867985,2.470054413500718e-09
36,94,0.27210000007471535,40.76589999931457,27.06469999975525,5.026400000133435,14.430999999603955,2.9402999989542877,1.5489145425083507e-09
36,95,0.23610000062035397,33.78130000055535,26.17669999926875,4.243999999744119,14.244199999666307,2.952999999251915,5.32318695163879e-10
36,96,0.26000000070780516,34.036199998809025,25.989400000980822,4.324800000176765,14.197999998941668,2.9656000006070826,6.985634645448734e-10
36,97,0.2750999992713332,33.568700000614626,26.08460000010382,4.255100000591483,14.210100000127568,2.9458000008162344,9.147262730399549e-10
36,98,0.3634000004240079,34.37180000037188,26.262299999871175,4.247499999110005,14.266799998949864,2.930799999376177,6.553302151227158e-09
36,99,0.289100000372855,33.643799999481416,26.081100000737933,4.303200001231744,14.251499998863437,4.0704000002733665,6.713870086255994e-10
40,0,0.34359999881417025,34.03700000126264,27.20489999956044,4.760099998748046,14.81950000015786,2.9639999993378296,6.14812058223157e-10
40,1,0.26419999994686805,34.13840000030177,26.02630000001227,4.220900000291294,14.191500000379165,2.9138000008970266,1.9332887342282325e-09
40,2,0.2313999993930338,34.25260000039998,26.17899999859219,4.254400000718306,14.188700000886456,2.9382000011537457,6.828744194218903e-10
40,3,0.26960000104736537,33.936499999981606,26.02620000106981,4.237999999531894,14.191300000675255,2.944099998785532,1.7616838816842344e-09
40,4,0.28959999872313347,33.837500001027365,26.03369999997085,4.244499999913387,14.212300000508549,2.942899998743087,9.274496753998225e-10
40,5,0.2621000003273366,33.525599999848055,26.25639999860141,4.310899999836693,14.220200000636396,2.9312999995454447,7.787660250329585e-10
40,6,0.27039999986300245,33.835399999588844,26.143799999772455,4.221500001222012,14.288700000179233,2.9513000008591916,1.0730389127145964e-09
40,7,0.23220000002766028,33.888300000398885,26.477500001419685,4.372999999759486,14.174500000081025,2.953499999421183,1.3470935605576638e-09
40,8,0.26649999927030876,34.03470000012021,26.64799999911338,4.643999998734216,14.222199999494478,2.9686999987461604,6.372049967368366e-10
40,9,0.2358999990974553,33.45390000140469,26.022099998954218,4.263900000296417,14.186099999278667,2.952299999378738,5.661946615050527e-10
40,10,0.23010000040812884,33.22379999917757,26.097700001628255,4.2102000006707385,14.273099999627448,2.9458999997586943,1.2006751717262492e-09
40,11,0.25210000057995785,34.023600001091836,26.291199999832315,4.277000000001863,14.255000000048312,2.9496000006474787,1.986212876059898e-09
40,12,0.232000000323751,33.895700000357465,26.28290000029665,4.50010000167822,14.596299999539042,2.968400000099791,9.270167627611292e-10
40,13,0.23300000066228677,33.59619999901042,26.011100000687293,4.254100000252947,14.222499999959837,2.9971000003570225,1.316197767581768e-09
40,14,0.25860000096145086,33.06159999920055,26.012400001491187,4.244199999448028,14.179100000546896,2.9389999999693828,9.201030133443622e-10
40,15,0.2566999992268393,33.62420000121347,26.194300000497606,4.2775999991135905,14.160999999148771,2.953400000478723,6.31575216562794e-09
40,16,0.29290000020409934,33.76550000029965,26.290599998901598,4.33800000064366,14.48059999893303,3.074700000070152,1.2246760141455965e-09
40,17,0.26760000037029386,34.299900000405614,26.087399999596528,4.254600000422215,14.24080000106187,2.9424999993352685,6.764653110850412e-10
40,18,0.28079999901819974,34.65479999977106,26.81729999858362,4.326399999627029,14.288899999883142,2.936000000772765,1.3742186494090537e-09
40,19,0.23289999990083743,35.01239999968675,26.315800001611933,4.345800000010058,14.283399999840185,2.9924000009486917,1.0160630801893127e-09
40,20,0.2817999993567355,34.144900000683265,26.105200000529294,5.311999999321415,18.682400001125643,4.580400000122609,6.173714191370968e-10
40,21,0.35490000118443277,52.55899999974645,32.656900000802125,6.895200000144541,14.218899999832502,2.9460999994626036,1.0497052802908393e-09
40,22,0.28700000075332355,33.65450000092096,29.003499999816995,4.293100000722916,14.245399999708752,2.9532999997172737,1.7951431474529347e-09
40,23,0.2765000008366769,36.085399999137735,29.44040000147652,4.685100000642706,15.211699999781558,3.127299998595845,1.2157145745046116e-09
40,24,0.2891999993153149,35.82110000024841,26.325699998778873,4.202899999654619,14.282899999670917,2.932600000349339,2.6136622952850632e-09
40,25,0.23740000142424833,34.35330000138492,26.25110000008135,4.269900000508642,14.259300000048825,2.9591000002255896,1.4784709227294124e-09
40,26,0.3113000002485933,33.92800000074203,26.030600000012782,4.2714000010164455,14.223099999071565,2.9649000007339055,4.612114073361921e-09
40,27,0.2600999996502651,33.49270000035176,26.264799998898525,4.3566000003920635,14.689199999338598,3.8015999998606276,1.2961606827715097e-09
40,28,0.28650000058405567,34.174000000348315,26.4815999998973,4.274799999620882,14.171599999826867,2.925300001152209,1.1765758998694387e-09
40,29,0.26280000020051375,33.95779999846127,26.090200000908226,4.352100000687642,14.18069999999716,2.936700000645942,1.9949400444294983e-09
40,30,0.23209999926621094,33.75190000042494,26.199400001132744,4.269900000508642,14.181099999404978,2.954699999463628,3.549116193244797e-09
40,31,0.2753000007942319,36.150499998257146,29.406999999991967,4.902399999991758,14.376299999639741,2.933000001576147,3.1860434859137815e-09
40,32,0.23150000015448313,34.30370000023686,27.49519999997574,4.365799999504816,14.401200000065728,2.993800000695046,1.7186005049560348e-09
40,33,0.33489999987068586,34.379499998976826,26.30739999949583,4.382800001621945,14.209900000423659,2.948600000308943,7.596287320189942e-10
40,34,0.23569999939354602,33.740999999281485,26.036999999632826,4.343299999163719,14.21430000118562,2.9199000000517117,1.1081178106673348e-09
40,35,0.24030000167840626,33.024899999873014,25.998800001616473,4.252199998518336,14.260699999795179,2.912899999500951,8.240928459646555e-10
40,36,0.22340000032272656,34.53000000081374,26.09689999917464,4.199500001050183,14.25320000089414,2.9584000003524125,3.3950974736925765e-09
40,37,0.25490000007266644,34.009000000878586,26.06519999972079,4.2257999994035345,14.27020000119228,2.940300000773277,7.161186041413552e-10
40,38,0.268300000243471,34.134900000935886,26.080899999215035,4.264399998646695,14.230500000849133,2.9228000003058696,3.3601609160533448e-09
40,39,0.2917000001616543,34.684499998547835,26.097399999343907,4.267700000127661,14.213899999958812,2.961999998660758,6.033491509272937e-10
40,40,0.2330999996047467,34.13590000127442,26.059499999973923,4.206499999781954,14.245300000766292,2.9061000004730886,8.66086528097284e-10
40,41,0.2710999997361796,34.39769999931741,26.107900001079543,4.2257000004610745,14.208700000381214,2.942799999800627,1.3533912263303087e-09
40,42,0.23209999926621094,35.24920000018028,26.187199999185395,4.27539999873261,14.182500000970322,2.9499000011128373,1.2277432618314217e-09
40,43,0.2303000001120381,35.175400000298396,26.203899999018176,4.225599999699625,14.17790000050445,3.0145000000629807,1.009685252584063e-09
40,44,0.2602000004117144,34.00019999935466,26.28790000017034,4.248300001563621,14.195499999914318,2.9613000006065704,8.134489478175469e-09
40,45,0.25520000053802505,33.869499999127584,26.073700000779354,4.288800000722404,14.172000001053675,2.9821999996784143,1.1786109970228705e-09
40,46,0.23099999998521525,35.01719999985653,26.13279999968654,4.2971000002580695,14.28699999996752,2.9371000000537606,9.475907457334267e-10
40,47,0.298099999781698,35.303599999679136,26.175699998930213,4.2804000004252885,14.204400000380701,2.990299999510171,7.640500082475355e-10
40,48,0.26930000058200676,34.54959999908169,26.244900000165217,4.6363999990717275,14.259499999752734,2.9359000000113156,8.646086357587449e-10
40,49,0.27260000024398323,34.532399999079644,26.18889999939711,4.366999999547261,14.18790000025183,2.9480999983206857,6.070353277399507e-10
40,50,0.3232000017305836,34.800800000084564,26.201500000752276,4.27049999962037,14.3884999997681,2.9864999996789265,1.3455218388991527e-09
40,51,0.2955999989353586,33.924800000022515,26.263900001140428,4.271000001608627,14.268299999457668,2.9292999988683732,5.154850811809441e-10
40,52,0.3390000001672888,35.5440000003,33.00219999982801,5.960899999990943,14.676200000394601,3.09209999977611,6.34785686893812e-10
40,53,0.3789999991568038,38.20099999938975,26.815600000190898,4.26079999851936,14.24109999970824,2.9340999990381533,5.504643433559518e-10
40,54,0.3184000015608035,37.11999999904947,26.347099999838974,4.238099998474354,14.399800000319374,2.95179999920947,1.050995519346678e-09
40,55,0.26960000104736537,34.18659999988449,26.61710000029416,4.307400000470807,14.196000000083586,2.9744000003120163,2.4307451034708033e-09
40,56,0.2958000004582573,33.73680000004242,26.071100000990555,4.2400000002089655,14.20470000084606,2.9349999986152397,6.975114289796115e-10
40,57,0.2311000007466646,33.59959999943385,26.218900000458234,4.308300000047893,14.171999999234686,2.9252000003907597,1.4633661793553943e-09
40,58,0.2524999999877764,34.26300000137417,26.10149999964051,4.271200001312536,14.217199999620789,2.954400000817259,1.8007032223091306e-09
40,59,0.25040000036824495,33.931800000573276,27.015100000426173,4.75900000128604,14.776100000744918,2.940200000011828,8.004781087279664e-09
40,60,0.23179999880085234,34.38370000003488,26.041600000098697,4.225200000291807,14.217600000847597,2.9299999987415504,8.895103064182789e-10
40,61,0.23399999918183312,34.207500000775326,26.022300000477117,4.305099999328377,14.25800000106392,2.9130000002624,1.8058300429451992e-09
40,62,0.24470000062137842,34.166500001447275,26.010100000348757,4.2893999998341314,14.345599998705438,2.964700001029996,6.765447224984288e-10
40,63,0.2706000013859011,34.71770000032848,27.875399999174988,4.412700000102632,16.045000000303844,3.2167000008485047,1.2466520849527708e-09
40,64,0.22870000066177454,35.4181000002427,26.444099999935133,4.4667999991361285,14.430900000661495,3.049799999644165,6.069530070739702e-10
40,65,0.29179999910411425,36.41529999913473,27.40029999949911,4.639299999325885,14.493000000584289,3.129699998680735,1.236301984065834e-09
40,66,0.4316000013204757,35.89479999936884,26.751200000944664,4.614899999069166,14.452199999141158,3.0733000003237976,8.092876872218308e-10
40,67,0.299299999824143,37.42690000035509,28.19430000090506,4.314300000260118,15.203799999653711,3.3997999998973683,4.186685793317029e-09
40,68,0.2535999992687721,35.22970000085479,27.479899999889312,4.950699998516939,15.219200000501587,3.0364999984158203,2.2487928488165938e-09
40,69,0.270799999270821,35.337999999683234,26.59979999953066,4.309200001443969,14.477500000793952,3.0178000015439466,3.150602570084671e-09
40,70,0.26590000015858095,35.34770000078424,26.61909999915224,4.480100000364473,14.44900000024063,3.0317000000650296,1.5479633428731615e-09
40,71,0.24640000083309133,35.78430000015942,26.760799999465235,4.612000000633998,14.557299999069073,3.0138000001898035,1.2876738891701225e-09
40,72,0.2727999999478925,34.323799998674076,26.610200000504847,4.333700000643148,14.530800001011812,2.9971000003570225,1.7956282711216409e-09
40,73,0.2944999996543629,35.10129999995115,26.423799999975017,4.340100000263192,14.607500001147855,3.081299999394105,9.611669843643572e-10
40,74,0.26190000062342733,35.565300000598654,26.10110000023269,4.307999999582535,14.181000000462518,3.0796000010013813,2.144241175547346e-09
40,75,0.24479999956383836,34.7622000008414,26.235299999825656,4.31879999996454,16.291300000375486,2.989799999340903,5.88111460067874e-10
40,76,0.26219999926979654,33.95660000023781,26.235999999698834,4.285000000891159,15.240799999446608,2.9414999989967328,3.77690398092582e-09
40,77,0.3195000008417992,34.70179999931133,26.271500000802916,4.313100000217673,14.382400000613416,3.099199999269331,1.5913072622053245e-09
40,78,0.3059999999095453,37.25310000118043,26.78840000044147,4.7118000002228655,14.915399999154033,3.0554999993910315,1.1550202207861245e-09
40,79,0.340900000082911,42.43069999938598,27.94520000134071,4.331599999204627,14.51709999855666,3.0518999992636964,1.7952345867455224e-09
40,80,0.262999999904423,36.89479999957257,28.64399999998568,4.637300000467803,16.306099998473655,3.1428999991476303,9.983306313040262e-10
40,81,0.29990000075486023,36.28179999941494,27.740999999878113,5.173600000489387,14.571199999409146,3.0353999991348246,7.2290900834111e-10
40,82,0.2729999996518018,39.7517000001244,27.36910000021453,4.3333999983588,14.511699999275152,3.1429000009666197,7.978886203530125e-10
40,83,0.28019999990647193,37.09560000061174,28.089399998862064,4.821099999389844,15.048000001115724,3.3557000006112503,1.6804657718179516e-09
40,84,0.2325000004930189,36.7645000005723,26.89049999935378,4.720000000816071,14.493999999103835,3.029500001503038,5.952504222780665e-10
40,85,0.23299999884329736,34.63530000044557,26.66529999987688,4.535100000794046,14.508600001136074,3.0380000007426133,1.6111226500095394e-09
40,86,0.38470000072265975,34.82129999974859,26.614700000209268,4.30430000051274,14.534699999785516,3.0270999995991588,1.0402436941005463e-09
40,87,0.2719000003708061,36.42510000099719,26.586300000417395,4.759200000989949,14.638500000728527,3.024899999218178,6.227807324003796e-10
40,88,0.23050000163493678,36.60750000017288,27.880100000402308,4.82199999896693,15.035200000056648,3.083699999478995,1.4420604273380612e-09
40,89,0.2994999995280523,34.130100000766106,27.677699999912875,4.477599999518134,15.320800001063617,3.0184000006556744,2.3111650944364763e-09
40,90,0.25210000057995785,37.19700000146986,27.628499999991618,4.447999999683816,14.479299999948125,3.0287000008684117,2.759253865172636e-09
40,91,0.28500000007625204,35.3757000011683,27.2581999997783,4.267100001015933,14.347100001032231,3.0169000001478707,2.1904415299148952e-09
40,92,0.23189999956230167,33.504099999845494,26.41840000069351,4.407899999932852,14.284100001532352,2.9690999999729684,9.629272647780615e-09
40,93,0.24190000112866983,34.51659999882395,26.07759999955306,4.22930000058841,14.205899999069516,2.9387000013230136,1.485904712721548e-09
40,94,0.27260000024398323,33.70389999872714,26.163600001382292,4.249400000844616,14.215600000170525,2.9935000002296874,1.3439038225747967e-09
40,95,0.27940000109083485,33.941800000320654,26.179899999988265,4.416399999172427,14.351199999509845,3.019300000232761,2.0927741100900493e-09
40,96,0.26419999994686805,33.84809999988647,26.065699999890057,4.232599998431397,15.761200000270037,2.961700000014389,6.276033035877986e-10
40,97,0.26059999981953297,33.78960000009101,26.155800000196905,4.295400000046357,14.355900000737165,2.9554000011557946,1.0315842728713495e-09
40,98,0.23639999926672317,38.42189999886614,26.617900000928785,4.528899999058922,14.265699999668868,2.94200000098499,5.501772337787644e-10
40,99,0.2299999996466795,34.611700000823475,26.058999999804655,4.25100000029488,14.294700000391458,2.925599999798578,1.020940141270415e-09
44,0,0.24419999863312114,33.95280000040657,27.06670000043232,4.80010000137554,14.760000000023865,3.05570000091393,7.904408615007452e-10
44,1,0.2426999999443069,33.677800000077696,26.153499999054475,4.594399999405141,14.880000000630389,2.9577000004792353,3.660734766985356e-09
44,2,0.22759999956178945,34.50010000051407,26.388099999167025,4.471899999771267,14.950200000384939,3.016500000740052,6.271602287336662e-10
44,3,0.2378999997745268,36.840300001131254,26.62389999932202,4.827300001124968,16.81320000170672,3.50099999923259,9.97533651135555e-10
44,4,0.38470000072265975,35.45799999847077,26.612799998474657,4.509300000790972,14.406500000404776,2.9685999998037005,2.9663138833524768e-09
44,5,0.23409999994328246,33.92059999896446,26.03830000043672,4.654000000300584,14.292600000771927,2.9770999990432756,1.190191440803395e-09
44,6,0.2274999988003401,35.3899999990972,27.489199999763514,4.231200000504032,14.21449999907054,2.9720000002271263,1.4885405172627553e-09
44,7,0.26369999977760017,34.74319999986619,27.831800000058138,4.2791000014403835,14.219999999113497,2.9298999997990904,2.0911645524869378e-09
44,8,0.28249999922991265,36.33350000018254,37.92559999965306,6.780600000638515,18.682599999010563,4.1568999986338895,7.060647182129634e-09
44,9,0.6917000009707408,51.44240000117861,26.61459999944782,4.420899998876848,14.214900000297348,3.1477000011364,2.212834393236274e-09
44,10,0.462800000605057,38.66249999919091,30.469400000583846,4.608699999153032,15.619399999195593,3.064599999561324,6.44581442756498e-09
44,11,0.3068000005441718,34.99790000023495,26.001199999882374,4.251900001690956,14.172199998938595,2.9544999997597188,1.7404225369126398e-09
44,12,0.27399999999033753,34.50870000051509,26.093500000570202,4.3138000000908505,14.188100001774728,2.9269000006024726,2.1809857639910832e-09
44,13,0.26369999977760017,35.410299999057315,26.092999998581945,4.381400000056601,14.13920000049984,2.9369000003498513,1.1106840678850949e-09
44,14,0.2623999989737058,34.205400001155795,26.03889999954845,4.280900000594556,14.219099999536411,2.9388000002654735,2.881147121254015e-09
44,15,0.2817999993567355,34.69000000040978,26.05050000056508,4.48080000023765,14.21430000118562,2.945299998827977,1.0012642769686076e-09
44,16,0.3010000000358559,36.18970000025001,26.232500000332948,4.30189999860886,14.188999999532825,2.918800000770716,1.7954401226022691e-09
44,17,0.26079999952344224,33.82860000056098,26.65040000101726,4.564700000628363,14.879299998938222,3.3446999987063464,1.117069271873644e-09
44,18,0.23859999964770395,36.499200001344434,26.80750000035914,4.493299999012379,15.021299999716575,3.230500000427128,5.415595531309246e-10
44,19,0.31490000037592836,38.20890000133659,27.866700000231504,4.402000000482076,15.362199999799486,3.483500000584172,1.2807222339517587e-09
44,20,0.3161999993608333,35.468500000206404,26.66060000046855,4.832300000998657,14.460200000030454,3.0007000004843576,1.2060365407640804e-09
44,21,0.23289999990083743,35.24049999941781,26.610400000208756,4.38419999954931,14.390000000275904,3.010099999301019,1.031016358296608e-09
44,22,0.2690999990591081,36.32390000166197,26.610299999447307,4.606800001056399,14.789599999858183,3.212000001440174,1.0124989002770336e-09
44,23,0.265800001216121,35.55240000059712,26.62620000046445,4.363500000181375,14.382200000909506,2.9954000001453096,1.1906642084090947e-09
44,24,0.258100000792183,35.809699998935685,26.489199999559787,4.33080000038899,15.263999999660882,3.4749000005831476,8.085393455409635e-10
44,25,0.2300000014656689,39.04719999991357,29.46450000126788,5.50420000035956,15.44110000031651,3.1115000001591397,1.81472511470004e-09
44,26,0.23979999969014898,37.26759999881324,27.80940000047849,4.83170000006794,14.937100000679493,3.0834000008326257,8.419143053249625e-10
44,27,0.2533000006224029,37.25819999999658,27.66650000012305,5.150799999682931,14.787599999181111,3.0058000011194963,7.081811562506288e-09
44,28,0.29770000037387945,37.210699998468044,27.523300001121243,4.959699999744771,14.817299999776878,3.005799999300507,8.238789853538099e-10
44,29,0.27260000024398323,37.370000000009895,30.55529999983264,5.681799999365467,15.960299999278504,3.218100000594859,1.0759918332905359e-09
44,30,0.3422999998292653,37.16990000066289,28.515500000139582,5.0694000001385575,15.11940000091272,3.153300000121817,9.693035738297634e-10
44,31,0.27910000062547624,35.746800000197254,27.42480000051728,4.67190000017581,14.820099999269587,3.2572999989497475,9.581969433788242e-10
44,32,0.4073000000062166,45.1467999992019,27.61850000024424,4.975800000465824,14.255100000809762,2.964500001326087,6.333776922189926e-10
44,33,0.30590000096708536,33.40649999881862,26.00969999912195,4.28019999890239,14.266600001064944,2.962399999887566,6.851589383582725e-10
44,34,0.4011000000900822,41.930600000341656,26.013299999249284,4.283599999325816,14.207899999746587,3.0090000000200234,1.5736402400402425e-09
44,35,0.25800000003073364,33.38479999911215,26.13740000015241,4.293600000892184,14.224300000932999,2.9434999996738043,3.703872914265745e-09
44,36,0.3113999991910532,33.40600000046834,26.104200000190758,4.266799998731585,14.209199998731492,2.941099999588914,1.1038549735884378e-09
44,37,0.2285999999003252,34.011800000371295,25.51800000037474,4.181800000878866,14.21440000012808,2.945400001408416,8.584663813887819e-10
44,38,0.30729999889445025,36.36640000149782,29.41609999834327,5.06620000123803,14.644500000940752,2.976699999635457,7.881783652475968e-10
44,39,0.337200001013116,39.835499999753665,26.550900000074762,4.30429999869375,14.19499999974505,2.954699999463628,9.575856444798026e-10
44,40,0.33520000033604447,33.27720000015688,25.993900000685244,4.282699999748729,14.266800000768853,2.938499999800115,1.96267229270145e-09
44,41,0.2690999990591081,33.464800000729156,25.97830000013346,4.25829999949201,14.21459999983199,2.952899998490466,4.673950304724485e-09
44,42,0.26339999931224156,32.925599998634425,26.066899999932502,4.228400001011323,14.296499999545631,2.953999999590451,8.821718195596678e-10
44,43,0.2567000010458287,33.07710000080988,26.1227000009967,4.205600000204868,14.167100000122446,2.9477000007318566,6.28526090937389e-10
44,44,0.26190000062342733,33.21470000082627,25.991900000008172,4.257299999153474,14.210500001354376,2.9674999987037154,2.3385072228693084e-09
44,45,0.2679999997781124,34.33889999905659,26.73510000022361,4.61649999851943,14.370099999723607,3.0406000005314127,8.708898758241718e-10
44,46,0.25320000167994294,32.98969999923429,26.044000000183587,4.24139999995532,15.130099998714286,2.9255000008561183,3.807150631718408e-09
44,47,0.2600999996502651,33.12770000047749,25.988299999880837,4.5850000005884795,19.864699999743607,4.166600001553888,1.245921011248691e-09
44,48,0.4033999994135229,44.394000000465894,45.53980000127922,8.563399998820387,17.05479999873205,4.649100001188344,1.9098829598408967e-09
44,49,0.2328000009583775,36.95280000101775,27.111600000353064,4.965599999195547,14.984999999796855,2.9252000003907597,7.391053397563224e-10
44,50,0.31999999919207767,33.987300001172116,25.742199999513105,4.395599999043043,14.245300000766292,2.93489999967278,2.5691165927305354e-09
44,51,0.22929999977350235,34.664700000575976,26.13790000032168,4.298699999708333,14.257200000429293,2.942600000096718,1.8038333175100142e-09
44,52,0.22870000066177454,36.675400000603986,28.471199999330565,4.451400000107242,14.41750000049069,3.1216999996104278,2.1585107893405772e-09
44,53,0.29739999990852084,35.032899999350775,26.552099998298218,4.633700000340468,16.404599999077618,4.145599999901606,1.0466897708135812e-09
44,54,0.2882000007957686,38.544400000319,28.211599999849568,5.021000000851927,16.424700001152814,3.4665000002860324,6.10208699625209e-10
44,55,0.24459999985992908,36.84059999977762,28.24460000010731,5.0228000000061,15.5161999991833,3.055299999687122,3.4616715943315143e-09
44,56,0.22769999850424938,35.688500000105705,28.215399999680812,4.635900000721449,14.661499999419902,3.121899999314337,9.582892452754276e-10
44,57,0.2609000002848916,36.9987999984005,27.387599999201484,4.392700000607874,14.931899999282905,3.2387999999627937,1.28107670032235e-09
44,58,0.32669999927747995,36.29280000131985,27.302599999529775,4.812600000150269,14.67159999992873,2.98320000001695,8.961400485756514e-10
44,59,0.24119999943650328,37.56050000083633,29.928500000096392,5.175799999051378,15.5402000000322,3.1799999997019768,6.48652328470502e-10
44,60,0.2884999994421378,37.27640000033716,33.337099999698694,7.359699999142322,20.034900000609923,4.724500000520493,3.0327454339871623e-09
44,61,0.38470000072265975,36.37929999968037,26.966499999616644,4.332500000600703,14.252700000724872,2.9530000010709045,1.5303087339573536e-09
44,62,0.27890000092156697,34.85530000034487,26.38169999954698,4.311099999540602,14.49240000147256,2.9620999994222075,9.65189905485899e-10
44,63,0.32470000041939784,34.5818000005238,26.245600000038394,4.2358999999123625,14.325299998745322,2.992000001540873,1.5625376313316748e-09
44,64,0.22869999884278513,33.994600000369246,26.030099999843515,4.3501999989530304,14.17829999991227,2.973799999381299,8.120868099380733e-10
44,65,0.4011999990325421,34.8470000008092,26.051700000607525,4.358899999715504,14.15620000079798,2.973000000565662,1.307825452458998e-09
44,66,0.24259999918285757,35.790199999610195,27.652600001601968,4.910199999358156,14.469700001427555,2.93480000073032,6.002824828112357e-10
44,67,0.4507999983616173,40.273300000990275,26.949699999022414,4.2751000000862405,14.245399999708752,2.9479999993782258,2.9152839676102024e-09
44,68,0.39509999987785704,34.11919999962265,26.11869999964256,4.27270000000135,14.193699998941156,2.9341999997996027,1.331903939904761e-09
44,69,0.30639999931736384,38.120499999422464,26.319500000681728,4.246899999998277,14.185100000759121,2.938499999800115,8.213990996902217e-10
44,70,0.23019999935058877,34.21869999874616,25.961800000004587,4.366699999081902,14.167799999995623,2.9015000000072177,9.444571661011368e-10
44,71,0.26000000070780516,35.04780000002938,26.09620000112045,4.317099999752827,14.196300000548945,2.9596000003948575,1.121795900876555e-09
44,72,0.22709999939252157,34.42879999965953,26.044599999295315,4.299600001104409,14.19019999957527,2.9322999998839805,2.061342774053792e-09
44,73,0.23119999968912452,34.42910000012489,26.116400000319118,4.252599999745144,14.185199999701581,2.9383999990386656,3.2535444439245975e-09
44,74,0.2970000005007023,33.84850000111328,26.057099999889033,4.234300000462099,14.348099999551778,2.9334000009839656,1.7382387655754813e-09
44,75,0.2238000015495345,34.17499999886786,26.013299999249284,4.255799998645671,14.191500000379165,2.9084000016155187,1.5424431505540115e-09
44,76,0.2585000002000015,34.60740000082296,26.080800000272575,4.264100000000326,14.18520000152057,2.9364000001805834,1.1845327059109014e-09
44,77,0.2668000015546568,34.16139999899315,26.08890000010433,4.201399999146815,14.227900001060334,2.9531000000133645,2.2791976746516182e-09
44,78,0.24060000032477546,34.330999998928746,26.53410000129952,4.2530999999144115,14.19260000147915,2.917600000728271,8.171610480545464e-10
44,79,0.2451999989716569,34.59879999900295,26.0865999989619,4.339100001743645,14.208700000381214,2.909400000135065,1.5642258656995807e-09
44,80,0.2330999996047467,34.46059999987483,26.355900001362897,4.307999999582535,14.26750000064203,3.1897000008029863,1.8789256114808335e-09
44,81,0.2272000001539709,34.98570000010659,26.177300000199466,4.239299998516799,14.281399999163114,2.9286000008141855,8.415667184499271e-10
44,82,0.282599999991362,34.11159999996016,27.212999999392196,5.803799998830073,17.45649999975285,3.19619999936549,3.5917081054747855e-09
44,83,0.23839999994379468,39.820600000894046,26.610100001562387,4.3284000003041,14.238900001146249,2.963400000226102,6.029477890810918e-10
44,84,0.2626999994390644,34.347800001341966,26.19100000083563,4.2473999983485555,14.19730000088748,2.948500001366483,2.032243948683824e-09
44,85,0.23460000011255033,34.11469999991823,26.061300000947085,4.261199999746168,14.193400000294787,2.929000000222004,8.829320539988199e-10
44,86,0.2761000014288584,34.28439999879629,26.742900001408998,4.441300001417403,14.414899998882902,2.9549999999289867,1.1873714864911949e-08
44,87,0.2569999996921979,33.431300000302144,26.15719999994326,4.194099999949685,14.232699999411125,2.929099999164464,8.240859688821776e-10
44,88,0.3044000004592817,33.08649999962654,26.015199999164906,4.296899998735171,14.13479999973788,3.0619999997725245,3.633961442620562e-09
44,89,0.24909999956435058,34.77599999860104,26.34839999882388,4.4345000005705515,24.37600000121165,4.397699998662574,2.13163485459975e-09
44,90,0.2620999985083472,43.57660000096075,26.088699998581433,4.312299999583047,14.582899999368237,2.948600000308943,2.039617295077206e-09
44,91,0.2471999996487284,34.606999999596155,26.208299999780138,4.4226999998500105,14.379199999893899,2.9470000008586794,2.51339224936812e-09
44,92,0.4067999998369487,34.28600000006554,26.123800000277697,4.296899998735171,14.232499999707215,2.9269999995449325,1.8211919656511863e-09
44,93,0.31210000088321976,34.46050000093237,30.044499999348773,6.894699999975273,14.297300000180257,2.9680999996344326,3.2293607233800622e-09
44,94,0.3721000011864817,43.887900001209346,26.157599999351078,4.346499999883235,14.20479999978852,2.9257000005600275,2.2850104709786733e-09
44,95,0.2325000004930189,34.88219999962894,27.595399998972425,4.641999999876134,14.496200001303805,2.9714000011153985,9.443603849427777e-10
44,96,0.23660000078962184,36.995300000853604,26.472300000023097,4.224100001010811,14.227199999368167,2.9233999994175974,2.607080310783511e-09
44,97,0.2334000000701053,34.10090000033961,26.120299999092822,4.216299999825424,14.21930000105931,2.9463000009855023,8.947423340630683e-10
44,98,0.26500000058149453,34.02009999990696,25.981499999033986,4.235700000208453,14.234700000088196,2.9356000013649464,1.8966754281740503e-09
44,99,0.23089999922376592,34.99240000019199,26.805999999851338,4.211900000882451,14.217100000678329,2.9642999998031883,8.630874691583093e-10
48,0,0.2784000007522991,34.174299998994684,26.99899999970512,4.706400000941358,14.600500000597094,2.9482000009011244,5.834464455580513e-10
48,1,0.2578999992692843,34.057899998515495,26.46140000069863,4.446799999641371,14.258999999583466,2.9704999997193227,5.252109732349337e-10
48,2,0.27430000045569614,34.275300000444986,27.101300000140327,4.237699999066535,14.349299999594223,2.9448000004776986,1.0700243087432781e-09
48,3,0.2631999996083323,33.39829999822541,26.20770000066841,4.216100000121514,14.191099999152357,2.9874000010750024,4.8184919101838095e-09
48,4,0.34279999999853317,35.427000000709086,26.13259999998263,4.37440000132483,14.38380000035977,3.0299999998533167,2.1565689631546816e-09
48,5,0.24060000032477546,34.870899999077665,26.155499999731546,4.218500000206404,14.26290000017616,2.9138000008970266,7.044046543269439e-10
48,6,0.2266000010422431,34.55199999916658,26.104200000190758,4.241599999659229,14.17829999991227,2.943999999843072,1.5817377645689196e-09
48,7,0.26030000117316376,35.408099998676335,26.191400000243448,4.2501999996602535,14.280800000051386,2.960099998745136,6.572563932661995e-10
48,8,0.31459999991056975,34.1033000004245,26.309900000342168,4.289200000130222,14.281199999459204,2.928399999291287,1.7244661128172402e-09
48,9,0.23040000087348744,34.49170000021695,26.046700000733836,4.241500000716769,14.28710000072897,2.97350000073493,6.455378265674573e-10
48,10,0.35089999983028974,33.597899999222136,26.02590000060445,4.268799999408657,14.182599999912782,2.951000000393833,8.916444731798505e-10
48,11,0.22480000006908085,34.18219999912253,26.469899999938207,4.290099999707309,14.207800000804127,2.964199999041739,1.7693561037373773e-09
48,12,0.23119999968912452,34.5156000003044,26.06289999857836,4.325199999584584,14.188200000717188,2.9483999987860443,7.838655985109683e-10
48,13,0.28899999961140566,34.11140000025625,26.540599999862025,4.474299999856157,14.297199999418808,2.9334000009839656,2.420890924923521e-09
48,14,0.28139999994891696,34.61619999870891,26.158900000154972,4.271899999366724,14.274200000727433,2.9603000002680346,7.581895068408919e-10
48,15,0.3065000000788132,34.164000000600936,26.166099998590653,4.204099999697064,14.21429999936663,2.961199999845121,1.5497588906365619e-09
48,16,0.26820000130101107,34.052899998641806,26.090900000781403,4.220699998768396,14.225700000679353,2.9596000003948575,2.016849035766024e-09
48,17,0.23099999998521525,33.72519999902579,26.017900001534144,4.289599999538041,14.226200000848621,2.9789999989588978,8.378380421474132e-10
48,18,0.3037000005861046,34.70459999880404,26.08709999913117,4.300800001146854,14.181399999870337,2.9488000000128523,1.304164079970986e-08
48,19,0.2648999998200452,34.52329999890935,26.660800000172458,4.31639999987965,14.175199999954202,3.065900000365218,2.2484898953609245e-09
48,20,0.32610000016575214,35.119799998938106,26.16149999994377,5.971400001726579,14.287900001363596,2.9377999999269377,2.4565753205607036e-09
48,21,0.3173000004608184,42.00490000039281,26.31629999996221,4.283100000975537,14.216600000509061,2.9561999999714317,3.0904411276784876e-09
48,22,0.26280000020051375,35.57359999831533,26.06000000014319,4.297200001019519,14.366600000357721,2.9565000004367903,2.0915805287456948e-09
48,23,0.27040000168199185,36.41790000074252,26.204300000244984,4.328299999542651,14.223000000129105,2.9381999993347563,6.043477360191531e-10
48,24,0.2657999993971316,36.666199999672244,27.86799999921641,4.591499999150983,14.689400000861497,3.195400000549853,1.367560394857751e-09
48,25,0.2628999991429737,36.767600000530365,26.553399999102112,4.387999999380554,14.234099999157479,2.996200000779936,8.960132619324894e-10
48,26,0.3778000009333482,34.66860000116867,26.13509999900998,4.274499999155523,14.14440000007744,2.9659999981959118,5.423407099303417e-10
48,27,0.2691999998205574,33.605200000238256,26.072999999087187,4.244199999448028,14.176500000758097,2.9460000005201437,1.3134205507612973e-09
48,28,0.25720000121509656,35.115499998937594,26.127400000405032,4.209300001093652,14.251200000217068,2.93720000081521,8.251572981386571e-09
48,29,0.25999999888881575,34.06640000139305,26.117199999134755,4.296600000088802,14.17799999944691,2.921999999671243,7.752290321884091e-10
48,30,0.30080000033194665,34.31230000023788,26.17590000045311,4.2126999996980885,14.235500000722823,2.9584000003524125,6.822722299221024e-10
48,31,0.2643000007083174,34.5711999998457,26.327699999455945,4.228599998896243,14.2747000008967,2.9445999989548,1.1948097543206587e-09
48,32,0.2946999993582722,34.23580000162474,26.02419999857375,4.242300001351396,14.132599999356898,2.9137000001355773,2.9397232189632728e-09
48,33,0.273600000582519,34.30560000015248,26.19570000024396,4.315399999541114,14.150500001051114,3.0499000004056143,1.4314796270470987e-09
48,34,0.2347999998164596,34.52619999916351,26.04579999933776,4.243199999109493,14.272200000050361,2.918399999543908,6.707912857092282e-10
48,35,0.22700000045006163,34.585200000947225,26.073099999848637,4.220200000418117,14.325399999506772,2.9192000001785345,5.430042890449427e-10
48,36,0.23739999960525893,34.61330000027374,26.449000000866363,4.316599999583559,14.211599998816382,2.9407999991235556,2.6862291069904937e-09
48,37,0.22950000129640102,34.137399999963236,26.083300001118914,4.22929999876942,14.189200001055724,2.9238000006444054,1.0574901809063404e-09
48,38,0.22790000002714805,35.06369999922754,26.161399999182322,4.2334999998274725,14.222599998902297,2.9131999999663094,1.1767922416007451e-09
48,39,0.39090000063879415,33.834900001238566,26.024900000265916,4.31159999970987,14.169100000799517,2.960099998745136,1.1635954881950538e-09
48,40,0.24000000121304765,34.54830000009679,26.04379999866069,4.297499999665888,14.332799999465351,2.9453999995894264,1.306574809198314e-09
48,41,0.22449999960372224,34.5474000005197,26.14739999989979,4.242500001055305,14.232499999707215,2.975499999593012,3.2681808246893217e-09
48,42,0.25800000003073364,34.7658999999112,26.15700000023935,4.262700000253972,14.192200000252342,2.9293000006873626,2.117454902226492e-09
48,43,0.2561999990575714,33.96020000036515,26.035299999421113,4.2709999997896375,14.19519999944896,2.9334999999264255,8.973065922269223e-10
48,44,0.22680000074615236,33.720400000675,26.0046000003058,4.237400000420166,14.307699999335455,2.970199999253964,6.013501082292528e-10
48,45,0.29240000003483146,35.34869999930379,26.241100000333972,4.3072999997093575,14.263400000345428,2.938699999504024,1.4923538868830948e-09
48,46,0.22989999888523016,35.07260000151291,26.066399999763235,4.384400001072208,14.181700000335695,2.965300000141724,1.472806208203067e-09
48,47,0.2657999993971316,35.27639999992971,26.160199999139877,4.316800001106458,14.187699998728931,3.0624000009993324,1.5407358160413413e-09
48,48,0.2550000008341158,34.88239999933285,26.127399998586043,4.253299999618321,14.205800000127056,2.9382000011537457,7.582362552262387e-10
48,49,0.3317000009701587,35.250599999926635,26.126300001124036,4.39619999997376,14.210999999704654,2.927800000179559,2.1123557282770015e-09
48,50,0.26140000045415945,35.301199999594246,26.096100000359,4.3232000007265015,14.211400000931462,2.9436000004352536,7.607095535656547e-10
48,51,0.2289000003656838,35.269899999548215,26.11129999968398,4.267500000423752,14.203500000803615,2.927200001067831,4.404873654823391e-09
48,52,0.34919999961857684,34.49680000085209,26.361700000052224,4.2876999996224185,14.219800001228577,2.929400001448812,9.124563263800545e-10
48,53,0.2533000006224029,35.68079999968177,28.809499999624677,4.707099998995545,14.932699999917531,3.28079999962938,8.128199970461268e-10
48,54,0.23159999909694307,37.05660000014177,26.289399998859153,4.245100000844104,14.231199998903321,2.929599999333732,2.1741825316735948e-09
48,55,0.27319999935571104,34.33730000142532,26.1424000000261,4.239500000039698,14.241499999116058,2.9298999997990904,2.6176227072845383e-09
48,56,0.2510999984224327,34.396499999274965,26.146400001380243,4.280200000721379,14.211499999873922,2.93729999975767,9.691229651726075e-10
48,57,0.23040000087348744,34.07520000109798,26.078499999130145,4.2441000005055685,14.287300000432879,3.0071000001044013,7.861290102367069e-10
48,58,0.24029999985941686,33.83900000153517,26.116700000784476,4.3370999992475845,14.155700000628713,2.9687999995076098,8.743294871258878e-10
48,59,0.2289000003656838,34.37809999923047,27.199199999813573,4.722300000139512,14.78300000053423,2.9620000004797475,4.184116295134082e-09
48,60,0.24339999981748406,34.346000000368804,26.10349999849859,4.239100000631879,14.219799999409588,2.9586000000563217,3.986249266886721e-09
48,61,0.27039999986300245,34.647899999981746,26.044899999760673,4.217499999867869,14.20979999966221,2.930700000433717,2.78588729733149e-09
48,62,0.27010000121663325,35.008500000913045,26.19570000024396,4.241099999489961,14.232799998353585,2.9501000008167466,1.199662063734586e-09
48,63,0.2880000010918593,34.68749999956344,26.71099999861326,4.3305999988660915,14.187199998559663,2.910199998950702,1.4054739173833407e-09
48,64,0.2294000005349517,34.12170000046899,26.165700001001824,4.23179999961576,14.215700000931975,2.9334999999264255,2.4429217986933824e-09
48,65,0.2600999996502651,34.45980000105919,26.05770000081975,4.26309999966179,14.218100001016865,2.958099999887054,1.153346765729686e-09
48,66,0.249999999141437,34.754899999825284,27.477200001158053,4.352500000095461,14.27749999857042,3.0131999992590863,1.4357155344378627e-09
48,67,0.2647000001161359,35.344800000530086,26.160200000958866,4.285999999410706,14.493599999696016,2.935599999545957,2.7874863625877102e-09
48,68,0.2590000003692694,34.48299999945448,26.08479999980773,4.266899999493035,14.16839999910735,2.9620999994222075,1.2405874496751076e-09
48,69,0.22939999871596228,34.234299999297946,26.06460000060906,4.236199998558732,14.195300000210409,2.9216000002634246,3.1396984438242945e-09
48,70,0.24370000028284267,34.113599998818245,26.213900000584545,4.304699999920558,14.268299999457668,2.9202999994595302,2.902738735349953e-09
48,71,0.2300000014656689,34.39989999969839,26.131299999178736,4.2873000002146,14.172700000926852,2.935400001661037,1.5153002191110355e-09
48,72,0.29549999999289867,34.79280000101426,25.94909999970696,4.249499999787076,15.078899999934947,2.9330999986996176,2.2356307767036727e-09
48,73,0.2663999985088594,34.4041999996989,26.167399999394547,4.229500000292319,14.418099999602418,2.964700001029996,2.2531608422432176e-09
48,74,0.2610000010463409,34.125299998777336,26.032799998574774,4.23889999910898,14.215299999705167,2.9245000005175825,1.4701094505436407e-09
48,75,0.2824000002874527,34.2529999998078,26.069099998494494,4.404200000863057,14.156799999909708,2.9751000001851935,8.440698818419989e-10
48,76,0.23049999981594738,34.728000000541215,26.174399999945308,4.28000000101747,14.28689999920607,2.943299999969895,1.1728696051337145e-09
48,77,0.40749999971012585,38.23599999850558,26.114999998753774,4.545100000541424,14.223400001355913,2.9228000003058696,4.660468021628371e-09
48,78,0.23460000011255033,34.297500000320724,26.64589999949385,4.264799999873503,14.251100001274608,2.9811000003974186,2.162010219897051e-09
48,79,0.3482000010990305,34.713499999270425,26.14720000019588,4.275099998267251,14.244400001189206,2.9312999995454447,6.718502084030733e-10
48,80,0.2965000003314344,34.37130000020261,26.463300000614254,4.322300001149415,14.15419999830192,3.0543999982910464,1.2218871969549378e-09
48,81,0.23300000066228677,35.14340000037919,26.308200000130455,4.325300000346033,14.248999999836087,3.015300000697607,1.7758350674816547e-09
48,82,0.27150000096298754,35.45780000058585,27.55059999981313,4.587199999150471,14.72720000128902,3.1599000012647593,6.068239443738443e-10
48,83,0.37290000000211876,36.959199998818804,26.348699999289238,4.308399998990353,14.12990000062564,3.0335999999806518,6.507660227034552e-10
48,84,0.22560000070370734,33.96240000074613,26.611000001139473,4.344700000729063,14.179100000546896,2.9376999991654884,1.6484591151278962e-09
48,85,0.22790000002714805,34.108300000298186,26.168200000029174,4.273700000339886,14.169199999741977,2.9691999989154283,6.132120384414906e-10
48,86,0.22899999930814374,33.714399998643785,26.061200000185636,4.270900000847178,14.176599999700557,2.955100000690436,1.7038376627695009e-09
48,87,0.2795000000332948,34.13480000017444,26.184399999692687,4.268400000000838,14.363700000103563,2.972500000396394,7.349523472848887e-10
48,88,0.3582999997888692,34.25250000145752,26.08439999858092,4.227499999615247,14.32109999950626,2.917199999501463,5.560771246048535e-10
48,89,0.2626999994390644,34.369700000752346,26.25889999944775,4.396500000439119,14.271000000007916,2.9371000000537606,4.133817072362118e-09
48,90,0.23040000087348744,34.749799999190145,26.245000000926666,4.330699999627541,14.147599998977967,2.9566000011982396,4.3461439407007694e-09
48,91,0.26059999981953297,33.56800000074145,26.02669999942009,4.233399999066023,14.209200000550481,2.934300000561052,7.263739791902517e-09
48,92,0.2594999987195479,34.55209999992803,26.083299999299925,4.300200000216137,14.26039999932982,2.915999999459018,1.0457181063645336e-09
48,93,0.23070000133884605,33.96990000146616,26.765500000692555,4.284699998606811,14.200199999322649,3.0380999996850733,2.394035903003323e-09
48,94,0.2948000001197215,33.18290000061097,26.518200000282377,4.303399999116664,14.185699999870849,2.9264000004332047,1.660905475104132e-09
48,95,0.3512999992381083,34.16620000098192,26.12059999955818,4.285500001060427,14.213600001312443,2.9223999990790617,7.97946738666751e-09
48,96,0.2684999999473803,33.424199998989934,26.06730000115931,4.258400000253459,14.199199998984113,2.9204000002209796,6.428525731810777e-10
48,97,0.2285999999003252,34.37540000049921,26.23249999851396,4.276900001059403,14.234899999792106,2.982500000143773,1.6439157810815007e-09
48,98,0.26700000125856604,33.99630000058096,26.126799999474315,4.367900000943337,14.223100000890554,2.9739999990852084,9.702271673932072e-10
48,99,0.22729999909643084,34.282700000403565,26.045200000226032,4.224700000122539,14.211400000931462,2.9521999986172887,2.9006518878337528e-09
52,0,0.2271999983349815,34.5166999995854,27.26789999906032,4.777399999511545,15.043600000353763,2.9656000006070826,1.1004265876398184e-09
52,1,0.24849999863363337,33.828200001153164,26.051299999380717,4.208799999105395,13.884700001653982,2.8548999998747604,2.4868452436346745e-09
52,2,0.22699999863107223,34.57180000077642,25.887600000714883,4.296099999919534,14.147199999570148,2.9661000007763505,1.515206011904073e-09
52,3,0.22669999998470303,34.26209999997809,26.11809999871184,4.275799999959418,14.223899999706191,2.9769000011583557,2.5251250231486598e-09
52,4,0.2502000006643357,34.24540000014531,26.313300000765594,4.378900001029251,14.180099999066442,2.9470999998011393,1.2293873119095678e-09
52,5,0.2432000001135748,34.71690000151284,26.05279999988852,4.281100000298466,14.19739999982994,2.9971000003570225,1.8856851506193995e-09
52,6,0.2437999992253026,34.77769999881275,26.221899999654852,4.393199998958153,14.310700000351062,3.0121999989205506,1.1610631542973558e-09
52,7,0.2753000007942319,34.251400000357535,26.12810000027821,4.33560000055877,14.209000000846572,3.0050999994273297,7.562743574752666e-10
52,8,0.2583999994385522,34.58909999972093,26.13260000180162,4.500400000324589,14.1514000006282,2.9565000004367903,9.268169226023018e-10
52,9,0.23400000100082252,34.50180000072578,26.489300000321236,4.503600001044106,14.397900000403752,2.9876999997213716,1.8785311571107714e-09
52,10,0.23890000011306256,34.6839000012551,26.214000001345994,4.384899999422487,14.197700000295299,2.9419000002235407,8.590994471233978e-10
52,11,0.38239999958022963,35.00019999955839,27.80449999954726,4.749099998662132,14.777800000956631,3.0573999993066536,1.8319022084729919e-09
52,12,0.23499999952036887,36.32779999861668,26.748800000859774,4.4149999994260725,14.339200000904384,2.926600000137114,1.3534956163452963e-09
52,13,0.22669999998470303,34.50429999975313,26.14490000087244,4.322099999626516,14.232800000172574,2.972800000861753,3.224028766658889e-09
52,14,0.2275000006193295,33.66679999999178,26.310299999749986,4.255699999703211,14.25310000013269,2.97599999976228,1.2357870524007631e-09
52,15,0.25599999935366213,33.936499999981606,26.10350000031758,4.338400000051479,14.251099999455619,2.9329999997571576,2.9002479634824724e-09
52,16,0.26249999973515514,33.895300000949646,26.047500001368462,4.328200000600191,14.17310000033467,2.980299999762792,5.305491940075593e-10
52,17,0.25719999939610716,33.6671999993996,26.167899999563815,4.294899999877089,14.191499998560175,2.9312999995454447,4.246074275350293e-09
52,18,0.3004000009241281,35.103399999570684,26.209100000414765,4.3709000001399545,14.188699999067467,2.964799999972456,6.824857887907949e-10
52,19,0.2736999995249789,33.864400000311434,26.220799998554867,4.273700000339886,14.147399999274057,2.993899999637506,1.544091754792237e-09
52,20,0.23909999981697183,33.94709999884071,26.185599999735132,4.228699999657692,14.240399999835063,2.9639000003953697,3.203212179943033e-09
52,21,0.30020000122021884,34.05940000084229,26.2460000012652,4.318900000725989,14.26999999966938,3.002800000103889,7.086147854039682e-10
52,22,0.22979999994277023,34.3473000011727,26.043899999422138,4.315199999837205,14.180300000589341,2.9262999996717554,1.1202147571947639e-09
52,23,0.2556999988883035,33.73780000038096,26.040200000352343,4.266699999789125,14.188099999955739,2.947900000435766,1.5027694205520668e-09
52,24,0.22790000002714805,34.14320000047155,26.119699999981094,4.254800000126124,14.25310000013269,2.9271999992488418,3.93316037120624e-09
52,25,0.2576000006229151,34.12949999983539,26.221299998724135,4.24869999915245,14.16349999999511,2.9303999999683583,7.97871974355132e-09
52,26,0.2407000010862248,33.000200000969926,26.27070000016829,4.328500001065549,14.19030000033672,2.936299999419134,2.1464341336357735e-09
52,27,0.26499999876250513,33.94599999955972,26.015399998868816,4.1931999985536095,14.174500000081025,2.9381000003922964,6.292108184724464e-10
52,28,0.2719000003708061,34.20459999870218,26.15180000066175,4.231299999446492,14.242900000681402,2.9555999990407145,1.166981881304793e-09
52,29,0.2890999985538656,33.83359999861568,26.13280000150553,4.247800001394353,14.200300000084098,2.9513999998016516,1.5378389968040577e-09
52,30,0.38889999996172264,34.43489999881422,26.12529999896651,4.2559000012261095,14.18050000029325,2.9424999993352685,1.5599093304589094e-09
52,31,0.22899999930814374,34.71630000058212,26.255199998558965,4.324100000303588,14.314800000647665,2.9511000011552824,1.0681896960203964e-09
52,32,0.29180000092310365,36.165000001346925,26.274999998349813,4.2917999999190215,14.362300000357209,2.977699999973993,1.4068650665284906e-09
52,33,0.24680000024090987,33.75930000038352,26.109700000233715,4.237499999362626,14.287799998783157,2.961100000902661,6.752208532810507e-10
52,34,0.23150000015448313,34.0249999990192,26.281899999958114,4.247900000336813,16.482799999721465,4.640299999664421,1.9089945718473354e-09
52,35,0.22960000023886096,34.81090000059339,26.12319999934698,4.324199999246048,14.207400001396309,2.93720000081521,2.953710067053275e-09
52,36,0.26190000062342733,36.131200000454555,29.703199999858043,4.277399999409681,14.334699999380973,2.9371999989962205,2.286449651426599e-09
52,37,0.3757999984372873,39.02639999978419,27.99100000083854,4.402099999424536,14.503200000035577,3.128100001049461,1.5858118937778162e-09
52,38,0.2583999994385522,34.05919999931939,26.177800000368734,4.241000000547501,14.24099999894679,2.9816999995091464,7.57836352602647e-10
52,39,0.2786999993986683,33.62399999969057,26.201300001048367,4.267099999196944,14.269400000557653,2.9371000000537606,1.5488762144783385e-09
52,40,0.2327999991393881,33.987599999818485,26.920199999949546,4.5760000011796365,15.202999999019084,3.3256999995501246,8.103569342055024e-10
52,41,0.2595999994809972,36.02760000103444,28.237299999091192,4.564700000628363,14.399499999854015,3.0232999997679144,8.553528882439678e-10
52,42,0.26109999998880085,34.1071999991982,26.179500000580447,4.242999999405583,14.27499999954307,2.9532999997172737,1.0756986276951349e-09
52,43,0.24050000138231553,34.52889999971376,26.15679999871645,4.391799999211798,14.338299999508308,2.933399999164976,1.4368852928765833e-09
52,44,0.22679999892716296,33.74999999869033,26.05770000081975,4.247299999406096,14.23129999966477,2.9472999995050486,1.2871411164136199e-09
52,45,0.2874000001611421,33.73980000105803,26.121299999431358,4.281100000298466,14.230700000553043,2.9346999999688705,1.1409232825658236e-09
52,46,0.2691999998205574,34.292100001039216,26.248199999827193,4.248000001098262,14.208399999915855,2.953400000478723,2.5177171100810463e-09
52,47,0.27749999935622327,35.03490000002785,26.26369999961753,4.278499998690677,14.20479999978852,2.9639000003953697,6.529266445669658e-10
52,48,0.2571000004536472,37.64960000080464,26.09370000027411,4.228899999361602,14.200700001310906,2.9214000005595153,1.168666963743537e-09
52,49,0.25459999960730784,35.083999999187654,26.36979999988398,4.278600001271116,14.127899999948568,2.9697000009036856,9.213707679505729e-10
52,50,0.2285999999003252,34.125500000300235,26.316100000258302,4.276899999240413,14.199499999449472,2.9780999993818114,1.67378253891029e-09
52,51,0.2687999985937495,34.98340000078315,26.097500000105356,4.245599999194383,14.188600000125007,2.923000000009779,2.4655947067362733e-09
52,52,0.2594999987195479,33.82590000001073,26.165699999182834,4.475700001421501,14.337399999931222,2.9548000002250774,2.170826445219494e-09
52,53,0.24309999935212545,33.873700000185636,26.226500000120723,4.279700000552111,14.19970000097237,2.9804000005242415,6.890231006770459e-10
52,54,0.28530000054161064,34.147100001064246,26.032199999463046,4.182799999398412,14.231999999537948,2.950399999463116,8.191350301508852e-10
52,55,0.2527999986341456,33.34209999957238,26.127400000405032,4.242900000463123,14.241300001231139,2.9288999994605547,1.2928435792773418e-09
52,56,0.30750000041734893,33.86030000001483,26.20569999999134,4.3138000000908505,14.159500000459957,2.978800001073978,3.974099499973347e-09
52,57,0.2449000003252877,34.12519999983488,25.99689999988186,4.335900001024129,14.159999998810235,3.0963000008341623,5.106259230321529e-09
52,58,0.25610000011511147,33.655999999609776,26.03810000073281,4.427400001077331,14.15630000155943,3.2986000005621463,8.655900882273206e-10
52,59,0.2715999999054475,34.27749999900698,27.18249999998079,4.879500000242842,14.576300000044284,3.00749999951222,3.539451033974553e-09
52,60,0.24759999905654695,33.77149999869289,26.141700000152923,4.259100000126637,14.215000001058797,2.9751000001851935,7.698495726043893e-10
52,61,0.23440000040864106,33.81239999907848,26.509699999223812,4.46409999858588,14.214600001650979,2.9561999999714317,2.1966308930338836e-09
52,62,0.28360000032989774,33.84849999929429,26.075900001160335,4.225200000291807,14.218899999832502,2.9359000000113156,2.6598442020669576e-09
52,63,0.31010000020614825,34.2966999996861,26.22499999961292,4.333900000347057,15.792599999258528,2.993899999637506,6.431147508011922e-10
52,64,0.25350000032631215,37.331000001358916,26.01899999899615,4.281399998944835,14.201100000718725,2.9696000001422362,6.91175270725693e-10
52,65,0.24470000062137842,35.14739999991434,26.26859999872977,4.3048000006820075,17.647299999225652,4.574900000079651,1.556182775513708e-09
52,66,0.2296999991813209,34.23809999912919,26.080300000103307,4.2661000006773975,14.022899998963112,2.9044999992038356,1.5775261372224526e-09
52,67,0.22739999985788018,34.386699999231496,26.519299999563373,4.274799999620882,14.292600000771927,2.9531000000133645,1.8263397378082013e-09
52,68,0.2361999995628139,34.08970000054978,26.203499999610358,4.2620999993232545,14.201300000422634,2.9473999984475086,7.177256060077772e-10
52,69,0.2375999993091682,34.61040000001958,27.375600000596023,4.831599999306491,14.88940000126604,3.1108999992284225,6.731241827850134e-10
52,70,0.22920000083104242,37.265700000716606,27.743599999666912,4.210099999909289,14.281600000686012,2.9567000001406996,1.190124846141898e-09
52,71,0.2272000001539709,34.26790000048641,26.22449999944365,4.2448999993212055,14.269100000092294,3.0104999987088377,6.932307733387325e-10
52,72,0.22600000011152588,33.50460000001476,26.058800000100746,4.265999999915948,14.137399999526679,3.0273000011220574,1.387319995837875e-09
52,73,0.2285999999003252,33.63869999884628,26.00449999954435,4.2893999998341314,14.217800000551506,2.9856999990443,5.244828385641717e-10
52,74,0.26109999998880085,34.62020000006305,26.066399999763235,4.249800000252435,14.436199999181554,3.006400000231224,1.0399510649502132e-09
52,75,0.2418000003672205,34.27259999989474,26.14250000078755,4.2359999988548225,14.244199999666307,2.9340000000956934,1.732694238895831e-09
52,76,0.30639999931736384,33.781999998609535,26.07440000065253,4.26300000071933,14.171200000419049,2.942799999800627,5.699138492730539e-10
52,77,0.3366999990248587,34.45409999949334,26.469600001291838,4.359799999292591,14.288300000771414,3.0012999995960854,6.201071633336735e-10
52,78,0.22839999837742653,33.72509999826434,26.078999999299413,4.306900000301539,14.167299999826355,3.010099999301019,4.22414431018918e-09
52,79,0.2827000007528113,34.1045999994094,26.157500000408618,4.245600001013372,14.24840000072436,2.9395999990811106,3.644966069744881e-09
52,80,0.22709999939252157,34.089399998265435,26.331999999456457,4.258000000845641,14.274099999965983,2.944099998785532,6.625433002491322e-10
52,81,0.2640000002429588,33.89750000133063,26.10370000002149,4.341600000770995,14.161900000544847,3.020600001036655,1.3001814909332644e-09
52,82,0.26500000058149453,34.23120000115887,26.146500000322703,4.2340999989392,14.208200000211946,2.9601000005641254,1.1214026718299886e-09
52,83,0.26869999965128954,34.59429999929853,26.240900000630063,4.229000000123051,14.423500000702916,2.9470000008586794,7.142135047930086e-10
52,84,0.24160000066331122,33.90820000095118,26.112899999134243,4.298299998481525,14.22880000063742,2.9881000009481795,1.5832830302820938e-09
52,85,0.2604000001156237,34.60089999862248,26.390900000478723,4.353300000730087,14.27719999992405,2.921899998909794,9.59050693586849e-10
52,86,0.22700000045006163,34.99299999930372,26.363499999206397,4.326199999923119,14.173700001265388,2.9460000005201437,5.1450459933478e-10
52,87,0.2612999996927101,33.755299999029376,26.07019999959448,4.274599999916973,14.227900001060334,2.942600000096718,1.1406414530644547e-09
52,88,0.2569999996921979,33.67209999851184,26.051699998788536,4.219999998895219,14.197999998941668,2.9376999991654884,7.289364001007237e-10
52,89,0.37259999953676015,34.2863000005309,26.005900001109694,4.2074999983015005,14.247900000555092,2.971300000353949,3.4436833918507284e-09
52,90,0.2700000004551839,33.54310000031546,26.104800001121475,4.2049000003316905,14.19970000097237,2.950099998997757,7.349530587749751e-10
52,91,0.23860000146669336,34.28100000019185,26.018200000180514,4.297699999369797,14.261000000260537,2.9751000001851935,7.431692229061275e-10
52,92,0.2578000003268244,34.46500000063679,26.16949999901408,4.365400000096997,14.237199999115546,2.9584999992948724,1.1241506980472537e-09
52,93,0.22790000002714805,34.4344999994064,27.062900000601076,4.219300000841031,14.038999999684165,2.8904999999213032,8.268025576074798e-10
52,94,0.31880000096862204,34.27489999921818,26.23189999940223,4.452700000911136,14.386500000910019,2.9787000003125286,2.4193032314291694e-09
52,95,0.2595000005385373,39.19500000120024,29.62889999980689,6.897199999002623,18.77549999881012,4.607699998814496,1.8803684835256614e-09
52,96,0.28560000100696925,36.741399999300484,26.334700000006706,4.325800000515301,14.254499999879044,3.0034000010346062,1.7246186087120608e-09
52,97,0.22770000032323878,34.39289999914763,26.930500000162283,4.313100000217673,14.160900000206311,2.957699998660246,9.824940685901003e-10
52,98,0.3235000003769528,33.782000000428525,26.779699999678996,4.682700000557816,14.887299999827519,3.248199998779455,1.2172487899287767e-09
52,99,0.261799999861978,36.44900000108464,26.718800001617637,4.2216999991069315,15.053700000862591,2.98800000018673,1.31971258319819e-09
56,0,0.22809999973105732,35.50539999923785,27.27680000134569,4.786299999977928,14.65469999857305,2.9524999990826473,1.4391613769027957e-09
56,1,0.3020999993168516,34.11149999919871,26.09180000035849,4.23650000084308,14.237999999750173,2.9378999988693977,1.6945713996412219e-09
56,2,0.2626999994390644,33.96539999994275,26.209400000880123,4.240999998728512,14.223000000129105,2.943299999969895,5.51202652070034e-09
56,3,0.2258000004076166,34.05449999991106,26.21540000109235,4.259700001057354,14.183900000716676,2.9407000001810957,6.720862404956604e-10
56,4,0.22759999956178945,33.80250000009255,26.106999999683467,4.413300001033349,14.189999999871361,3.006499999173684,7.463508592737317e-10
56,5,0.268300000243471,35.06049999850802,26.13280000150553,4.227400000672787,14.42279999901075,2.9518999999709195,8.287518548019546e-10
56,6,0.22569999964616727,33.772400000088965,26.508200000535,4.242099999828497,14.229600001272047,2.9508000006899238,8.148450646392426e-10
56,7,0.22729999909643084,34.51569999924686,26.01420000064536,4.211000001305365,14.196500000252854,2.937499999461579,2.3114214910798827e-09
56,8,0.24920000032579992,34.58239999963553,26.504199999180855,4.459800000404357,14.221999999790569,2.9549999999289867,1.9769208523809973e-09
56,9,0.22669999998470303,34.5670999995491,26.688600000852603,6.918600000062725,14.913099999830592,2.978900000016438,6.152944909244283e-10
56,10,0.2934000003733672,34.60839999934251,26.105500000994653,5.900500000279862,14.187300001140102,3.046300000278279,7.041182971288425e-10
56,11,0.22649999846180435,34.15540000059991,26.126200000362587,4.2477000006329035,14.299900001788046,3.0181000001903158,5.376065845913957e-10
56,12,0.2824000002874527,34.25769999921613,26.01430000140681,4.224800000883988,14.223299998775474,2.9316999989532633,9.689984333635762e-10
56,13,0.28139999994891696,33.8964999991731,26.29759999945236,4.237499999362626,14.258900000641006,2.958799999760231,6.112917633836009e-10
56,14,0.3120000001217704,34.98529999887978,26.136000000406057,4.263699998773518,14.211499999873922,2.9532999997172737,3.876040190637821e-09
56,15,0.25749999986146577,34.48960000059742,26.02889999980107,4.228499999953783,14.239599999200436,2.930900000137626,1.8441695523151244e-09
56,16,0.2559000004112022,33.859399998618755,26.17410000129894,4.300299999158597,14.209299999492941,2.93240000064543,2.1733514355274588e-09
56,17,0.2565000013419194,36.04839999934484,26.15200000036566,4.22930000058841,14.293199999883655,2.968999999211519,3.895321219412299e-09
56,18,0.24329999905603472,34.60570000061125,26.138799999898765,4.224599999361089,14.195300000210409,2.9530000010709045,1.7140876638988696e-09
56,19,0.22669999998470303,33.88409999934083,26.422200000524754,4.280700000890647,14.203799999449984,2.946600001450861,2.51910875440924e-09
56,20,0.308299999232986,37.63219999927969,27.068299999882584,4.296400000384892,14.23869999962335,2.9864000007364666,6.200980225054535e-09
56,21,0.22949999947741162,35.7547000003251,26.13250000104017,4.2787000002135755,17.82669999920472,4.673600000387523,1.957569992360338e-09
56,22,0.41289999899163377,48.60759999974107,33.595400000194786,6.69949999974051,16.13820000056876,2.9727000001003034,1.1204740090027683e-09
56,23,0.25630000163801014,34.82140000051004,26.308200000130455,4.378200001156074,14.245299998947303,3.0008999983692775,2.2921411776488386e-09
56,24,0.23090000104275532,33.982500001002336,26.67460000157007,4.294800000934629,14.319500000055996,2.9782000001432607,1.2684789172978366e-09
56,25,0.22840000019641593,34.63800000099582,26.233599999613944,4.387099999803468,14.222400001017377,3.0005999997229083,7.029873392825116e-10
56,26,0.2846000006684335,34.56199999891396,29.695600000195554,7.054100000459584,15.233300000545569,3.243799999836483,1.4104732398592357e-09
56,27,0.33489999987068586,43.42189999988477,37.197999999989406,12.860299999374547,16.206899999815505,3.0210000004444737,7.350214046007325e-10
56,28,0.23299999884329736,33.96860000066226,26.78569999989122,4.3578000004345085,14.227599998775986,2.954500001578708,7.619227999166588e-10
56,29,0.26199999956588726,34.09800000008545,26.24610000020766,4.212899999401998,14.33309999993071,2.9400000003079185,3.427513859305052e-09
56,30,0.2506000000721542,32.87880000061705,25.994300000093062,4.2257999994035345,14.16830000016489,2.9549999999289867,1.0306266425711738e-09
56,31,0.25269999969168566,34.6534000000247,26.102899999386864,4.440099999555969,14.266900001530303,2.9942000001028646,2.1722345887343558e-09
56,32,0.2567999999882886,34.370000001217704,26.200000000244472,4.202199999781442,14.369900000019697,3.0090999989624834,8.454617174448549e-10
56,33,0.269900001512724,33.31789999901957,26.056499998958316,4.291100000045844,14.185099998940132,2.9894999988755444,7.45802506228256e-10
56,34,0.22990000070421956,34.20639999967534,26.175300001341384,4.225000000587897,14.429400000153692,2.9728999998042127,9.921572471374319e-10
56,35,0.2282999994349666,33.00929999932123,26.083599999765283,4.251700000168057,14.268200000515208,2.974899998662295,9.156384136681012e-10
56,36,0.271100001555169,33.37950000059209,26.036500001282548,4.239699999743607,14.254799998525414,2.971800000523217,3.9520214624557665e-09
56,37,0.28560000100696925,34.03979999893636,26.499600000533974,4.2644999994081445,14.293700000052922,2.976499999931548,1.869556294242691e-09
56,38,0.33830000029411167,33.81470000022091,26.235900000756374,4.329000001234817,14.164199999868288,2.9883999995945487,6.525420583022691e-10
56,39,0.2536000010877615,34.60599999925762,26.218500001050415,4.200900000796537,14.288200000009965,2.9341000008571427,7.708315342003989e-10
56,40,0.22360000002663583,33.271799999056384,26.487000000997796,4.227299999911338,14.27979999971285,2.9792999994242564,9.161699758940275e-10
56,41,0.22950000129640102,34.14100000009057,26.249300000927178,5.698299999494338,14.192399999956251,2.9542000011133496,3.996040445943744e-09
56,42,0.2282999994349666,33.649099999820464,26.104799999302486,4.402299999128445,14.442800000324496,2.9676999984076247,5.52798674048355e-10
56,43,0.3666000011435244,33.721199999490636,26.05300000141142,4.205799999908777,14.203600001565064,2.955899999506073,9.801653309348518e-10
56,44,0.317600000926177,33.98800000104529,26.022100000773207,4.263599999831058,14.226100000087172,2.961100000902661,2.7264269681085825e-09
56,45,0.22540000099979807,34.15839999979653,26.020799999969313,4.222300000037649,14.169699999911245,2.943900000900612,8.323782909521502e-10
56,46,0.22709999939252157,32.988400000249385,26.36269999857177,4.208299998936127,14.208900000085123,2.965399999084184,7.949554830941103e-10
56,47,0.2272000001539709,33.395200000086334,26.13279999968654,4.3762000004790025,14.199499999449472,2.9762000012851786,6.316736568337903e-09
56,48,0.2578999992692843,33.184400001118775,25.99469999950088,4.279599999790662,15.00569999916479,4.074200000104611,1.2799314154473212e-09
56,49,0.24059999850578606,33.08850000030361,26.329500000429107,4.605600001013954,14.154499998767278,3.0977999995229766,6.621699054668666e-10
56,50,0.2709000000322703,33.230699998966884,26.13319999909436,4.2412000002514105,14.275999999881606,2.961199999845121,9.933044405680698e-10
56,51,0.27099999897473026,34.69829999994545,26.245700000799843,4.3048999996244675,14.244699999835575,2.99289999929897,7.030740233780094e-10
56,52,0.23639999926672317,34.76540000156092,26.13759999985632,4.34280000081344,14.288500000475324,3.180199999405886,5.600769424287062e-09
56,53,0.22879999960423447,33.65020000092045,26.260000000547734,4.327399999965564,14.20219999999972,2.9572999992524274,1.6318328214612893e-09
56,54,0.23630000032426324,34.43119999974442,26.26629999940633,4.283000000214088,14.257500000894652,2.9707000012422213,6.039852013367032e-10
56,55,0.24449999909847975,33.45080000144662,26.099999999132706,4.300599999623955,15.062799999213894,3.0011000017111655,7.004205095943604e-10
56,56,0.23529999998572748,35.66140000111773,27.506400001584552,5.054700000982848,15.023200001451187,3.1214000009640586,7.082304140851668e-10
56,57,0.23739999960525893,34.85940000064147,26.086300000315532,4.301099999793223,14.203500000803615,2.9548999991675373,1.1534044414065616e-09
56,58,0.346200000421959,49.99580000003334,26.24390000164567,4.255300000295392,14.222699999663746,2.9508999996323837,7.179827246692984e-10
56,59,0.392699999792967,34.94859999955224,27.434999999968568,4.822599999897648,14.644500000940752,2.98089999887452,7.01826896319042e-10
56,60,0.28170000041427556,33.03869999945164,26.70399999988149,4.496300000027986,14.34770000014396,2.9601999995065853,1.7068521347208692e-09
56,61,0.22569999964616727,33.193799999935436,26.01449999929173,4.213800000798074,14.25559999916004,2.9501999997592065,7.902007611026548e-10
56,62,0.22879999960423447,33.44219999962661,26.12310000040452,4.261600000972976,14.247099999920465,2.9649999996763654,7.02591999029702e-10
56,63,0.2851999997801613,32.98520000134886,25.98289999878034,4.241699998601689,14.404600000489154,3.0017999997653533,1.1263318535175131e-09
56,64,0.2511000002414221,32.59520000028715,25.98070000021835,4.273099999409169,14.188399998602108,2.931300001364434,7.567295093577997e-10
56,65,0.25160000041069,33.61839999888616,26.015499999630265,4.232400000546477,14.22640000055253,2.955600000859704,6.574505586066783e-10
56,66,0.22850000095786527,34.421099999235594,26.327899999159854,4.225200000291807,14.19730000088748,2.9501000008167466,1.2211856875119483e-09
56,67,0.23780000083206687,33.11480000047595,26.115200000276673,4.252200000337325,14.34279999921273,2.962900000056834,7.543231215835792e-10
56,68,0.2305999987584073,33.6275999998179,26.174800001172116,4.2477000006329035,14.235599999665283,2.970899999127141,8.268790902883277e-10
56,69,0.2272000001539709,33.994600000369246,26.18339999935415,4.232300001604017,14.296299999841722,2.9544999997597188,8.301979977165084e-10
56,70,0.27549999867915176,35.66289999980654,26.43500000158383,4.273400001693517,14.225299999452545,2.958200000648503,6.403716942014791e-10
56,71,0.2930000009655487,33.087399999203626,26.288299999578157,4.246399999829009,14.256000000386848,2.977899999677902,7.339855740292133e-10
56,72,0.25400000049558,32.998200000292854,26.205899999695248,4.200999999738997,14.302399998996407,2.9555000000982545,1.1946964116579005e-09
56,73,0.3074999985983595,33.583999998882064,26.16639999905601,4.252799999449053,14.202699998349999,2.958299999590963,1.2008900840403864e-09
56,74,0.2544999988458585,34.09759999885864,26.247699999657925,4.356499999630614,14.278700000431854,2.9983000003994675,1.999567862600519e-09
56,75,0.25149999964924064,33.77639999962412,26.16909999960626,4.227399998853798,14.188299999659648,2.9596999993373174,1.1276701623126402e-09
56,76,0.2586999999039108,34.082000000125845,26.33880000030331,4.257200000211014,14.199200000803103,2.947300001324038,1.022851316804187e-09
56,77,0.25580000146874227,33.85119999984454,26.068400000440306,4.253299999618321,14.251000000513159,3.005100001246319,7.724842911296069e-10
56,78,0.2488999998604413,33.561599999302416,26.40400000018417,4.714099999546306,14.171500000884407,3.0172000006132293,2.9373690866925577e-09
56,79,0.2997999999934109,33.832799999800045,26.07960000023013,4.27520000084769,14.360999999553314,3.01220000073954,8.770978820521778e-10
56,80,0.23740000142424833,34.13080000063928,26.20799999931478,4.372999999759486,15.913900000668946,4.625400000804802,6.867432313880293e-10
56,81,0.2694000013434561,34.68350000002829,26.26860000054876,4.409500001202105,14.230999999199412,2.9924000009486917,1.9476609373513924e-09
56,82,0.26559999969322234,35.569800000303076,27.4926999991294,4.240099999151425,14.263400000345428,3.0000999995536404,5.90452534312148e-10
56,83,0.2299999996466795,33.7108999992779,26.146099999095895,4.283500000383356,14.24099999894679,2.9596000003948575,1.2486554675089907e-09
56,84,0.25379999897268135,33.958599999095895,26.102499999979045,4.310400001486414,14.644299999417854,2.98550000115938,1.122240167092913e-09
56,85,0.2623000000312459,40.35370000019611,28.374499999699765,4.6649999985675095,14.809399999649031,3.081400000155554,1.0990668067308532e-09
56,86,0.30360000164364465,33.540099999299855,26.024900000265916,4.3239999995421385,14.172799999869312,3.0662999997730367,3.566632303119014e-09
56,87,0.25829999867710285,33.88450000056764,26.13279999968654,4.234200001519639,14.251299999159528,2.980299999762792,6.137085286666782e-10
56,88,0.22759999956178945,33.84439999899769,26.1832999985927,4.238500001520151,14.248800000132178,2.998500000103377,9.87961693845255e-10
56,89,0.26930000058200676,33.704699999361765,26.150200001211488,4.409099999975297,14.188699999067467,3.011299999343464,7.252142157681285e-10
56,90,0.22639999951934442,34.18520000013814,26.093499998751213,4.270900000847178,14.174599999023485,2.9445999989548,1.2173563604640582e-09
56,91,0.22729999909643084,33.832600000096136,26.013400000010733,4.208999998809304,14.644299999417854,2.980399998705252,6.285739938600623e-10
56,92,0.24119999943650328,33.19740000006277,26.264699999956065,4.2424999992363155,14.215399998647626,2.9773000005661743,6.97298728597926e-10
56,93,0.2482999989297241,33.481800001027295,26.095799999893643,4.262700000253972,14.169599999149796,3.0181999991327757,1.0922371308012394e-09
56,94,0.23600000167789403,33.319799998935196,26.88080000007176,4.367999999885797,14.295099999799277,2.9724999985774048,9.698845994668165e-10
56,95,0.2643000007083174,33.87079999993148,26.21019999969576,4.351200001110556,14.308200001323712,2.9591000002255896,1.0143410909442667e-09
56,96,0.2603999982966343,34.42670000004,26.226699999824632,4.272000000128173,14.193699998941156,3.0097999988356605,1.4992797071457944e-09
56,97,0.22870000066177454,33.7589000009757,25.98969999962719,4.252999999152962,14.207700000042678,2.9596000003948575,9.548145857523931e-10
56,98,0.2398999986326089,33.42730000076699,26.173499998549232,4.240299998855335,14.2266999991989,2.949899999293848,7.471795098675888e-10
56,99,0.25409999943803996,33.82679999958782,26.17900000041118,4.222600000503007,14.208100001269486,2.9589000005216803,1.3326264633492352e-09
60,0,0.22679999892716296,34.854100000302424,27.22670000002836,4.956200000378885,14.796900000874302,3.0191999994713115,7.7645193687832e-10
60,1,0.2280000007885974,33.450799999627634,26.06299999933981,4.450500000530155,14.27499999954307,2.989099999467726,7.13111052562164e-10
60,2,0.22780000108468812,37.072699999043834,26.588900000206195,4.286100000172155,14.179499999954714,2.9567000001406996,2.8742753470894793e-09
60,3,0.28810000003431924,33.29180000037013,26.271700000506826,4.248299999744631,14.163199999529752,3.0083000001468463,6.33998382013824e-10
60,4,0.22770000032323878,33.56220000023313,26.146899999730522,4.210899998724926,14.286300000094343,2.9512000000977423,3.589365790784403e-09
60,5,0.2249000008305302,33.595599999898695,26.267299999744864,4.341500000009546,14.594799999031238,3.0452999999397434,2.339638210998755e-09
60,6,0.2628999991429737,34.672400000999914,26.148900000407593,4.224700000122539,14.218399999663234,2.947400000266498,1.1566502623043081e-09
60,7,0.22920000083104242,34.36340000007476,26.064300000143703,4.380700000183424,14.180000000123982,2.969400000438327,1.465548121789056e-09
60,8,0.22870000066177454,40.71459999977378,26.100600000063423,4.47369999892544,14.203800001268974,3.009300000485382,6.297993524456571e-10
60,9,0.23249999867402948,33.98800000104529,26.39900000031048,4.294999998819549,14.188700000886456,2.9809000006935094,1.063759863232759e-09
60,10,0.234499999351101,33.64689999943948,26.157500000408618,4.240700000082143,14.285600000221166,2.9881999998906394,6.267115830564009e-10
60,11,0.2641000010044081,33.82610000153363,26.111799999853247,4.313199999160133,14.243999999962398,2.9506000009860145,1.9400769213693674e-09
60,12,0.23800000053597614,34.0888000009727,26.1646999988443,4.393200000777142,14.977099999669008,4.146700001001591,6.654600814406687e-10
60,13,0.24310000117111485,34.09110000029614,27.63550000054238,4.493100001127459,14.837000000625267,3.78169999930833,1.6073870242970367e-09
60,14,0.29240000003483146,35.06379999998899,26.284600000508362,4.166599999734899,14.208500000677304,2.9780000004393514,3.45191941599586e-09
60,15,0.25380000079167075,34.49889999865263,26.063199999043718,4.2728000007628,14.167699999234173,2.931200000602985,1.0964982390641979e-09
60,16,0.24950000079115853,32.99700000025041,26.26879999843368,4.230300000926945,14.164199999868288,3.039699999135337,1.3057505639210764e-09
60,17,0.23370000053546391,33.48550000009709,26.121700000658166,4.246999998940737,14.203200000338256,2.952999999251915,7.234406920173662e-10
60,18,0.26810000053956173,33.27560000070662,26.110400000106893,4.212700001517078,14.263499999287887,2.9985999990458367,5.168243207183865e-09
60,19,0.22729999909643084,33.58329999900889,26.14779999930761,4.321399999753339,14.165700000376091,2.9471000016201288,1.9934624921829987e-09
60,20,0.22979999994277023,33.16449999874749,26.142600001549,4.29690000055416,14.298599999165162,3.013699999428354,6.746836472393482e-10
60,21,0.23130000045057386,33.781699999963166,26.65049999995972,4.484900000534253,14.346200001455145,2.9787000003125286,4.085885738148742e-09
60,22,0.2272000001539709,33.62620000007155,26.076099999045255,4.247300001225085,14.179800000420073,2.9591999991680495,1.2578924899193683e-09
60,23,0.2378999997745268,33.0775000002177,26.42070000001695,4.346700001406134,14.271000000007916,2.954400000817259,6.3245683371834205e-09
60,24,0.2559000004112022,34.27740000006452,26.1982000010903,4.254500001479755,14.230500000849133,3.114699999059667,1.312455932867049e-09
60,25,0.24750000011408702,33.472700000857,26.179899999988265,4.288799998903414,14.17559999936202,2.9317999997147126,2.487192041958907e-09
60,26,0.2746999998635147,33.172399998875335,26.13489999930607,4.2709999997896375,14.19019999957527,2.97590000081982,3.2092892161949043e-09
60,27,0.22730000091542024,34.142200000133016,26.450600000316626,4.244499999913387,14.17550000041956,3.15509999927599,1.0759635638250124e-09
60,28,0.2624000007926952,33.05329999966489,26.078400000187685,4.234700001688907,14.194600000337232,2.9726000011578435,5.055735431847422e-09
60,29,0.2550999997765757,32.94670000104816,26.02160000060394,4.221799999868381,14.184300000124495,2.9500000000552973,8.487765863839739e-10
60,30,0.22709999939252157,33.015000000887085,26.204300000244984,4.278099999282858,14.170300000841962,2.960400001029484,1.7446066610193916e-09
60,31,0.26869999965128954,33.07370000038645,26.245700000799843,4.230200000165496,14.1829999993206,2.9579999991256045,1.12038021065379e-09
60,32,0.2841000004991656,32.898700001169345,26.27329999995709,4.243399998813402,14.164300000629737,3.035799998542643,1.2388038774485393e-09
60,33,0.23849999888625462,32.89219999896886,26.090000001204317,4.40340000022843,14.333399998577079,2.9264999993756646,2.7205753180948822e-09
60,34,0.23600000167789403,33.04750000097556,26.146099999095895,4.3905000002268935,14.21680000021297,3.012299999682,2.3233316657395573e-09
60,35,0.23159999909694307,34.20399999959045,26.17619999909948,4.261300000507617,14.208700000381214,2.973099999508122,3.79510824285086e-09
60,36,0.27130000125907827,39.89259999980277,27.996299999358598,4.295000000638538,14.20930000131193,2.9785000006086193,7.069430551668722e-10
60,37,0.22950000129640102,34.16830000060145,26.491900000110036,4.347900001448579,14.268099999753758,2.9560000002675224,9.399863279976685e-10
60,38,0.25629999981902074,33.7705999991158,26.192200000878074,6.9382000001496635,17.465200000515324,2.948199999082135,8.597674194920646e-10
60,39,0.2578000003268244,38.415199998780736,26.12760000010894,4.228300000249874,14.252699998905882,2.9678999999305233,1.0142744256432574e-09
60,40,0.2299999996466795,33.79589999894961,26.155700001254445,4.317000000810367,14.20719999987341,3.01239999862446,6.892044222833961e-10
60,41,0.2717000006668968,33.72990000025311,26.127099999939674,4.332399999839254,14.228500000172062,2.9550999988714466,9.940891783347186e-10
60,42,0.23700000019744039,34.236899999086745,28.28849999968952,4.636299998310278,14.809399999649031,3.0234000005293638,1.0596904991990365e-09
60,43,0.2418000003672205,36.25789999932749,26.286000000254717,4.285700000764336,14.24340000085067,2.9352000001381384,1.6166897075780055e-09
60,44,0.22849999913887586,33.06220000013127,25.634800000261748,4.145500000959146,15.957499999785796,2.979599999889615,2.009361697620186e-09
60,45,0.27690000024449546,33.262199998716824,26.154099999985192,4.2412000002514105,14.239299998735078,2.9419000002235407,2.108493879561556e-09
60,46,0.2271999983349815,33.55659999942873,26.012700000137556,4.23399999999674,14.218400001482223,2.9334999999264255,1.646578549326632e-09
60,47,0.2280000007885974,35.3661999997712,26.094500000908738,4.231999999319669,14.1951000005065,2.955699999802164,9.433488879772467e-10
60,48,0.22669999998470303,32.845700001416844,26.4523999994708,4.23640000008163,14.238000001569162,2.9543000000558095,1.1309276584407555e-09
60,49,0.2507999997760635,32.82000000035623,25.98240000043006,4.198999999061925,14.280700001108926,2.9424000003928086,8.022272770105699e-10
60,50,0.26109999998880085,33.298299998932634,26.915399999779765,4.310099999202066,14.182700000674231,2.9614000013680197,1.5310884377132991e-09
60,51,0.2472000014677178,32.99890000016603,25.9924999991199,4.415199999129982,14.191899999786983,2.986700001201825,8.212393526372916e-10
60,52,0.37089999932504725,33.051299998987815,26.45420000044396,4.305300000851275,14.526000000842032,3.016399999978603,1.2517543353470049e-09
60,53,0.22769999850424938,33.37630000169156,26.115399999980582,4.315399999541114,14.378300000316813,3.0126000001473585,5.065791418275447e-09
60,54,0.2736999995249789,33.17910000077973,26.0749000008218,4.276399999071145,14.188099999955739,2.98320000001695,1.279032201643503e-09
60,55,0.225499999942258,33.363399999871035,26.102699999682955,4.278099999282858,14.154599999528727,3.0769999993935926,1.4478232876100467e-09
60,56,0.2580999989731936,33.76640000169573,26.191400000243448,4.225900000164984,14.252599999963422,2.939199999673292,1.3317979604723697e-09
60,57,0.2584000012575416,34.31020000061835,26.102100000571227,4.242799999701674,14.189900000928901,2.9496000006474787,5.639870035054583e-09
60,58,0.24389999998675194,33.18380000018806,26.035200000478653,4.225200000291807,14.202800000930438,2.933000001576147,1.3222360393334216e-09
60,59,0.2595000005385373,33.377699999618926,27.286399999866262,4.764600000271457,14.826900000116439,3.022900000360096,9.527740639361765e-10
60,60,0.2561999990575714,33.131100000900915,25.719500001287088,4.221499999403022,14.143399999738904,2.855499998986488,7.811522520357964e-09
60,61,0.2539999986765906,33.73789999932342,26.087399999596528,4.229899999700137,14.469399999143207,2.9840000006515766,7.848660897480877e-10
60,62,0.2289000003656838,33.605000000534346,26.147900000069058,4.20269999995071,14.20490000054997,2.9531000000133645,8.768534980397863e-10
60,63,0.22470000112662092,32.78330000102869,26.029799999378156,4.433699999935925,14.210600000296836,2.9622999991261167,5.760904648621395e-10
60,64,0.22769999850424938,33.46549999878334,26.10630000162928,4.20010000016191,14.20229999894218,2.9364999991230434,6.966955960352147e-10
60,65,0.34440000126778614,34.1138999992836,26.175699998930213,4.290200000468758,14.201699999830453,2.960699999675853,7.19074008691534e-10
60,66,0.3550000001268927,42.54479999872274,26.243599999361322,4.460300000573625,14.25080000080925,2.9388000002654735,8.714203383285923e-10
60,67,0.2798999994411133,33.57540000070003,26.054099998873426,4.399699999339646,14.198499999110936,2.9862000010325573,8.273372960125721e-10
60,68,0.2882000007957686,34.14610000072571,26.12330000010843,4.239100000631879,14.235999999073101,2.9577999994216952,6.272093588175483e-10
60,69,0.22809999973105732,33.716899999490124,26.325799999540322,4.288599999199505,14.223199999833014,2.955100000690436,1.2369876312884286e-09
60,70,0.22850000095786527,34.13869999894814,26.260099999490194,4.305800001020543,14.18779999949038,2.970100000311504,1.7024864433846384e-09
60,71,0.22840000019641593,34.01019999910204,27.20249999947555,5.0759999994625105,14.280999999755295,2.964799999972456,1.7399483906753326e-09
60,72,0.26530000104685314,35.53699999974924,26.798599999892758,4.256899999745656,14.17330000003858,3.097900000284426,3.2889694136765884e-09
60,73,0.2455000012560049,33.24330000032205,26.23900000071444,4.266399999323767,14.215799999874434,2.9274999997142004,7.739456851215367e-10
60,74,0.2567999999882886,33.31569999863859,26.10610000010638,4.30899999992107,14.353799999298644,2.97839999984717,1.0397146439067969e-09
60,75,0.23329999930865597,33.9774000003672,26.133999999728985,4.215200000544428,14.245299998947303,2.964700001029996,1.0129974702190447e-09
60,76,0.2294000005349517,33.14619999946444,26.160400000662776,4.242099999828497,14.221299999917392,2.9394999983196612,1.0913936289268718e-09
60,77,0.26170000091951806,34.55550000035146,26.226099998893915,4.33800000064366,14.1710999996576,2.9749000004812842,5.7714332297687e-10
60,78,0.22870000066177454,32.92259999943781,26.370800000222516,4.733899999337154,14.338400000269758,2.9525000009016367,1.1808797021981968e-09
60,79,0.25740000091900583,33.09619999890856,26.017599999249796,4.231200000504032,14.210400000592927,2.939199999673292,5.058742437318982e-09
60,80,0.25520000053802505,33.08619999916118,26.114199999938137,4.235399999743095,14.191099999152357,2.924800000982941,6.595653937493876e-10
60,81,0.24309999935212545,33.10889999920619,26.02130000013858,4.2293999995308695,14.203700000507524,2.93729999975767,3.05120066663034e-09
60,82,0.26530000104685314,33.50529999988794,26.008900000306312,4.2195999994874,14.206400001057773,2.9262999996717554,1.3451986692231318e-09
60,83,0.234499999351101,33.51720000136993,26.16660000057891,4.256599999280297,14.181500000631786,2.9407000001810957,2.9761508516911147e-09
60,84,0.3035000008821953,32.964500000161934,26.097100000697537,4.237000001012348,14.216600000509061,2.9446000007737894,1.0759854699443552e-09
60,85,0.23630000032426324,32.98940000058792,26.25110000008135,4.320200001529884,14.239800000723335,2.948500001366483,6.339058320336429e-10
60,86,0.2311000007466646,33.960999999180785,26.153099999646656,4.261500000211527,14.2070000001695,2.937499999461579,2.556858511356863e-09
60,87,0.25520000053802505,33.25110000150744,26.14480000011099,4.2383999989397125,14.223300000594463,2.9363000012381235,2.6726362554166103e-09
60,88,0.22729999909643084,34.723299999313895,26.438700000653625,4.243600000336301,14.308199999504723,2.9168000000936445,5.789547000843898e-10
60,89,0.22460000036517158,32.85890000006475,26.122600000235252,4.208399999697576,14.32319999912579,2.9808000017510494,1.176694368301875e-09
60,90,0.2268999996886123,32.778199998574564,26.111999999557156,4.2358999999123625,14.176500000758097,2.9353999998420477,1.974329057755664e-09
60,91,0.2237999997305451,32.717300000513205,26.49829999973008,4.310799999075243,14.19979999991483,2.945700000054785,6.177629900660849e-10
60,92,0.22739999985788018,33.73160000046482,26.13240000027872,4.240800000843592,14.183700001012767,2.982099998916965,8.074498122660043e-10
60,93,0.3120000001217704,33.77819999877829,26.17100000134087,4.264899998815963,14.265499999964959,2.943200001027435,4.55651175221397e-09
60,94,0.2672000009624753,34.76460000092629,26.242300000376417,4.2751000000862405,14.217300000382238,2.9887999990023673,1.405579521124301e-09
60,95,0.3913000000466127,51.40899999969406,30.65210000022489,4.350900000645197,14.237299999876996,2.9545999987021787,7.254936855830111e-10
60,96,0.23429999964719173,33.116400001745205,26.18129999973462,4.324499999711406,14.276500000050873,3.0029000008653384,1.5522693975019392e-09
60,97,0.2550999997765757,33.09369999988121,26.087600001119426,4.269400000339374,14.314300000478397,2.9472000005625887,1.222736853641568e-09
60,98,0.35789999856206123,39.19309999946563,26.108100000783452,4.2388000001665205,14.167600000291714,2.9852000006940216,6.956605256857733e-10
60,99,0.25459999960730784,33.51409999959287,26.13539999947534,4.280699999071658,14.206300000296324,2.953200000774814,4.828993095567583e-09
